-0.336679263616052,-1.0465794296308,-1.23552496842107,1.03932079521621,1.16265540438331,-0.288825341648982,0.541748742872784,0.458235417377796,1.84391865578962,0.723423214619265
0.0454248529638667,-0.43542081379086,0.00625196972750658,0.731002531552003,1.30858033579596,-1.59000767605257,-0.111278946409838,0.173546615473056,0.220506885967716,-0.343489406955712
-0.0839344740665059,1.16121947875848,-1.25993474280993,0.15800198445438,-1.47911622684176,1.62701683235582,2.5647796540863,0.340055422175279,0.745705761228873,0.34902446130102
-1.77497807397633,0.0767619602889396,-0.995992210338281,0.302420739285384,-0.98048219107963,1.26715222462849,1.05613372130928,0.782381597571852,-0.779086004992554,3.18362979409674
-0.406769776328324,1.12614911197303,0.25521865398803,-1.04016045257942,-0.2588500040684,-1.06212791212889,-1.63974315352384,2.10821437738428,1.19145076268534,0.522122696005508
0.120218778517051,-0.264144546141686,-1.04824728158339,-0.91327649124352,-0.0116511782352714,-0.72655359074501,-1.78943283550089,0.862256641456982,-1.17521782835875,1.11998297963636
-0.846985191430498,-0.520856457871576,1.42655511565664,-0.751334394096912,0.387163038851092,-1.40384542239907,-1.5010926227691,0.671283519147546,1.37071973975214,-2.49506365013916
0.473988706467768,0.766964168753061,-0.177483407589524,-1.09078943477859,0.751490867873554,2.35503211748019,2.3632734145264,0.0181413673366729,-1.58067261730892,-0.0293586060176551
-0.780226594618567,0.0323158345837074,-1.425185158828,0.838125026293148,-0.905962258748565,-2.49158983867225,0.772618019419081,0.663930537410421,0.227584939742504,1.36494912284703
-0.396529465314788,-2.01898960326766,1.23688856551357,-0.4570204025478,-1.35824954846169,-0.516536108164802,-1.7397897066858,-1.33640105166335,-2.18255922283518,-1.96787052554893
-0.391530755499012,0.512020679196629,-2.58834515605558,-0.0813962699669428,-0.509220804257214,0.991633209263927,0.362801136745016,0.647121370447047,-1.70110466795101,2.86025319967118
-0.651575363702319,0.189096003278063,1.09376308485945,1.21720097312217,-0.888804314323142,-1.28279698933586,0.561961280841214,0.787103171176739,3.10317137587233,-2.04901898646198
0.293462100637111,-1.38571432218074,-0.94415576728269,-0.744195738098002,0.237565118760922,2.81126036973709,-1.42581268235371,-0.885013194868431,0.255107335647599,-0.654070299833332
-0.309880672100453,-0.223266240165947,0.458638092144351,0.993956891387191,1.24728416362861,0.582289897082703,-0.0504316346300466,1.58331385376609,2.68508514978327,-1.28430903330244
-1.26057460300457,0.439245379013022,0.712259160143766,1.10317295027067,0.235429787398928,-1.37480809709039,0.288344570117719,-0.057758447961378,1.25361399209704,-0.657765099689863
-0.252550150583336,-0.0485371186215774,0.317096200287432,-0.312536519553494,1.13722177692986,-0.150717192356798,0.137383970405347,-1.31632935210244,0.844121450167441,0.338448571573917
-1.86099242872385,-0.748130275901886,-1.21544941047725,0.227235121441907,-0.626611283437573,1.56978284085017,0.0402319533892586,-1.23157257417802,-1.01474091977862,2.86713151910085
0.594715273074879,-0.193871697076925,2.63863078282374,-0.275080588732504,0.809767960767064,-0.83299418956014,-1.3364053066748,1.44319631108359,0.576240794684806,-1.01145398326808
0.255896752345963,-0.00963128933495266,0.455859523195532,0.911835560717706,-1.24942276671286,-1.86479937775448,0.175287892117203,-0.111574593236596,-0.952249829056733,1.27353811141246
-1.31080941618354,-1.71094232279834,-1.46359703934442,-2.61029906243136,1.17180505647403,2.92172305264141,-1.54068002845154,-0.462248515077326,1.17802066981666,2.97238651900547
-1.01205039239975,-0.838751489878428,0.180022066000779,-0.336853583696843,-0.103299430771657,-0.0358032771419174,0.890410966794754,0.753946769306629,2.3933538240356,1.52165980203964
0.202834532360249,-0.967714171599008,1.14955152824491,-1.72239938039703,1.78400852786568,-0.887642363903073,1.33797883015243,-0.33654814222425,-1.00283748509004,-3.1071244378843
-0.88965321875801,-1.43948467642698,-2.7127688318227,-1.10843815960624,0.505297227612311,3.6314596874606,0.31432180253818,0.326745945386156,-0.629160924528721,1.42308411215741
0.858888220729078,0.816846531566656,0.936351897069602,1.07344994620906,0.550639126976795,-2.18091302001064,-0.42299498849052,0.395190200192065,1.10648035249412,-0.964624585833215
0.368017155034488,0.629663786633411,-0.332979650774474,-0.442524206653637,-0.578484326384223,-0.988259440451425,-1.71480325821998,0.925720668422452,1.22555650681385,1.18976483003282
0.118222416462092,-0.559455405500798,0.629390737491989,0.185342537846915,-1.52894784443738,-0.704486251449136,1.95835482554909,-0.812437164152134,-0.201300173685598,-2.5435564301239
0.0489970673905836,-1.67930114598835,0.359977489240464,-2.24493622540452,0.26533291381991,0.320577672489091,2.31872356574308,1.12402287946303,0.473401583877144,-0.261894923414126
-1.22351697974677,-0.97547279370839,-2.537708525662,-0.703009733961021,-0.735423904196467,2.65643994349768,-1.43013081147371,2.10295645666787,1.08990255389975,3.31604667054461
-0.972058784429226,0.658746177899093,0.0144581545309629,-0.623168113088253,0.148218417821083,1.87011286497171,-0.128601981085695,0.594575681540846,-0.831427109733575,2.16099850726175
-0.338125693425283,-1.3399890725163,0.302190948441776,1.42525234169165,-0.53583106575807,-0.523919184432085,-1.81280506385939,-1.72787665266227,-1.19406288510698,-0.680869754774567
1.05363079895198,-0.120560887661958,0.748326338050019,0.112303003812597,-0.00362806640024005,-0.165166521447402,0.990712354463255,0.143887132047101,-1.44716739028026,-1.10284878593913
-0.218456211945564,-0.2387753861236,-0.445825101864556,-0.56494491037067,0.516735465790267,1.07756700842752,-0.611616309669192,0.307677643856026,-0.25924263817032,0.219166984646705
0.709445525927545,-0.548914897847691,0.129086797147588,0.448491257415894,-0.195021825850604,-1.80161699711685,-3.0408477220335,-0.308878177949973,-2.22813981408969,-1.61743137726417
1.35367492335612,-0.44856584137345,1.5237827289932,0.70926833590877,0.501101317777927,-2.87110663198241,-0.408193560261783,1.02194213002662,1.03364055954247,0.806762113056658
-1.3235020843246,-0.890252803983946,-0.585870224599921,-2.35923711573225,-0.467690642296741,2.19448841570207,-0.0379011354198035,-0.0316532175247559,-0.682475354197489,0.559942238764816
1.0085571797356,0.915922412274884,0.520977152436704,0.603062627248182,0.757360675744971,0.0203992835450651,0.0641663472264403,-0.0577917249946927,-0.396584938137519,0.0852222586887678
-0.883901360161426,0.306367648877877,-0.675586968479255,0.308243236377744,-0.224589601791705,-0.699017383825307,0.69805311179309,-0.843088878917901,-0.886574384782293,1.88607440765863
-1.0053004705417,-0.59622027438718,-1.95623184266361,-0.805797410545446,-1.30881009305458,3.29107061877976,1.14696817586895,-0.395156349285348,0.483761717557731,0.714817826505462
-0.0831126446484013,0.0288012845815773,0.835152816476911,0.234384033501739,-0.285118903139368,0.602828372756941,-0.905401989787239,0.697438557239331,1.76285390386405,-0.651546626602393
1.25862485188872,-0.258532395228478,1.8321714185688,0.0816577232436096,-2.32755647076401,-1.31649851729625,-0.26471972471124,-0.42009604839672,-0.052553794547854,-2.34995405612827
-0.580768806457696,-1.8985122330207,0.72823980317825,1.27725090326735,-2.09512299347633,-3.33968036782071,-0.0946446771099497,-0.0626559644426018,-0.998705641111431,1.00431456417019
0.721958922157831,-1.28154007875262,0.33783184252764,0.597713585367044,0.0996674324573653,0.390938163468292,1.63002671798689,1.17277329229446,-0.187363474924037,-0.826638474196187
-0.519349443440851,-1.4233370048481,-0.73202996243061,2.07572887837712,0.642309919799015,0.746995913808133,-0.505705371219322,1.44839222221939,-0.25471796352112,-1.87184669553072
-0.165456982878051,0.655117899993376,-0.339889083062497,0.196690934804363,0.349656652093783,1.10441509718899,-0.529093195560418,0.0208666372152236,-0.295420474239009,-1.88833843449266
-0.205325440286997,-1.97704994542566,0.305470036061655,-0.541137742069162,0.918006587460811,2.39082175487149,-2.52071246870569,0.246728411501809,1.53924822361396,-0.876312939160601
0.475798810249424,0.295997096364455,0.910442766466663,-1.28875430584021,0.52202598001819,-0.629835165342822,0.890980226248996,-0.841045314265137,1.00702206231384,-1.45535631377496
0.571771116012904,0.995567836160981,1.76295325895425,-1.22361513384333,-0.106249031359539,0.0134221318430038,0.403383016217431,0.490108914282553,-0.850178973282443,-0.12256376069004
-1.60488928844829,0.173180296312476,-1.35783432300968,-0.618946979393165,0.585638985344711,2.13850947142572,-0.448870216020216,-0.933809679925351,-0.799936741030095,2.36878136655774
0.342708923100311,1.3250326722001,-0.338919539326744,-0.454448052872754,-0.757692528335518,0.793734566873981,-0.405801272082188,0.815459582180051,3.51542979289379,-1.11552270032934
-1.5128044619743,0.160129038471533,1.07156298416781,-0.00765675020509538,-0.844792403484941,-0.417566136049623,1.41268254565824,-1.05155311650328,-0.0290632292897397,0.962456241325564
0.683926622183219,1.16573110085779,-0.276039931681766,-1.34318799133513,1.36929938719272,-0.100052818841915,-1.37954328251734,1.96839472770839,0.889966717959278,-0.529281982188751
-0.836021838608721,-0.573363068641507,-0.114254271065185,0.0747703234635016,0.477545126216494,-0.876747702650058,-0.714740529743529,-0.228498450829781,-2.24954618954921,2.00088734096799
0.525439237950282,-0.716789005223792,1.22690308792053,-1.82705601773344,0.374533719314639,-0.237012196084925,-0.794626578423011,-0.0957802974758563,-0.139867163483472,-1.00046645003472
-1.17428984711119,0.604421870851289,-1.26514952431784,0.482125531648879,0.606549641279958,0.130784587466221,1.36833693446347,-0.68712135446047,-0.00853004922624917,2.6924659688896
0.691825352570347,-0.613155126378388,0.678140552089292,-0.0361989141325151,-0.177548739585403,-0.583648140234444,-0.444638936768939,-0.288053760156487,-1.79174540533594,-2.35268325761124
-0.204380635710209,0.58521980284113,-0.463917590703386,-0.490383580990698,0.596430613141233,2.03724867887507,1.87625199196802,0.095120576458923,0.140679037300326,1.09255615722958
-0.330431977314725,-0.898443239430145,1.16974862327366,1.20701115044153,-0.0984474714664593,-1.83926634236342,0.674257205336783,1.05150426747506,-0.45220149328739,-2.26355395746609
-0.224686671596154,0.656143204618012,1.28551948035818,2.15921404873197,0.327263196747834,-4.12582994347711,0.165878836621793,1.22677725521624,-0.968902584018345,-0.444892816727714
0.805884620508925,1.41516969777349,0.556463692638914,0.07652530999917,0.890988594331817,-1.12173735998882,0.999229334880777,1.30214796262258,2.96986067728849,0.952149288469573
-0.744544190455566,0.125203192693398,-0.426129267880385,0.613089904150989,-0.804294385107518,-0.128819242177538,1.84554713234201,0.135220803138088,-0.189875024386592,0.0291234229531761
-0.920490492425529,0.57403352545006,-0.0236432775824222,0.543662604201102,1.76914236602264,0.542850509569304,-0.514021453324438,1.12901098045839,0.74444913083424,-0.183569756529815
-0.265091941693939,1.71871808970347,0.0373372195542058,0.404072529014582,-1.02950897120236,0.3971464969967,-1.41755902780327,-0.138173941663174,-0.725484320836946,1.03159171294809
1.0868637814137,-0.202790715515388,1.04128188000158,-1.16835705536695,0.267527459035709,-2.11370889621283,-1.06876982322868,0.177278187007952,0.931068830254979,-0.699808046992748
0.786728109409845,0.101990002357559,1.92011497894437,-0.145331748853308,-1.60873208650841,-2.14545963132601,0.0607863829646796,0.0400982414698782,0.266521764172976,-1.89313377632067
-1.18135608660645,-2.61353690378821,-0.250310219672389,0.724498482821087,-0.673928960449087,-2.65394376276404,0.398667607691798,0.313252139694482,0.770107713615429,1.39382395642638
-0.760761121803862,-2.61931448130629,-0.808302596842933,0.542302134967095,-1.35664996065492,1.69896687930813,0.376923142019315,-1.12859325744214,-0.136551793743212,-0.890744642382349
1.03347355862001,0.495806403893774,-0.567497970229491,0.797756246189995,1.28751579778685,-0.101513305562732,1.22744332522772,0.322823548638634,-0.799547540432545,-0.500449178672755
1.14077583724069,0.752222220344023,0.265151525237285,1.34210076031117,-0.209953510038886,-0.601309472492091,-0.128905649484986,0.845248257389567,0.219484011511236,-1.670747112852
-0.0743746285003388,-1.20122564377647,-0.164307205430259,1.45152702694104,-0.177863890355181,-1.40979467473221,-0.497821845409608,-0.292645528952547,-0.542432506753373,-0.890555890906842
-1.36526142211673,-0.34266065635531,-1.44297142431383,0.372748128760428,0.551863077910974,1.39718424196561,0.433143044841891,1.22250642007649,2.26453746976767,-0.677367069330305
0.330937086832561,-0.165369971333072,-0.37992458953194,0.091392242675193,1.67532781479403,0.729363360174608,-1.9294503074127,-0.6885493171862,-0.664283964641408,-1.9211328567788
-0.996297879241807,-0.730572941766554,-1.07428365591441,2.08428584332878,-0.0104361059528905,0.334847042615095,-0.658134925865708,0.640659220423726,1.13329897357502,-2.13569753218946
-0.430150752929693,0.0477630726034911,-0.361456347020869,-0.78395284999234,1.11723065525344,0.0638567035546369,1.83467231803461,0.304825135548735,1.82282706623878,-0.679554841700767
1.28915704009872,-0.149832527117147,0.0771168208287353,-0.588480153724553,-0.822498987785785,-1.76510135859349,0.16531259044951,-1.14365861536079,-1.3851385003508,0.0933156355923856
0.217540101436925,2.27197087664076,0.698801572354207,-0.384854785652603,0.493139156588888,-1.75675007622418,1.24112068843032,0.0471135326195856,-1.73589768528603,0.438639926374841
1.82337910855755,-0.264986245509274,1.19936779323687,0.144448419574882,-0.745613080916237,0.945300018606789,1.05445584183924,0.596152720454634,-0.245586983534151,-1.50631826757042
0.271048883398164,0.390273409434633,-0.611458427011596,1.90790490846412,-1.99645465637297,-1.30485614346689,-0.424951055228351,-0.775313979516172,-1.42667450218172,0.562059894714005
0.830285940175518,1.66675314020203,-0.999538046371129,-0.0120470717840169,-0.438469889492179,1.39651694834989,0.386031835935436,0.744312222169504,1.55128100306108,1.70408471604344
-0.199274300718507,-1.45554878869377,-1.62513462824382,0.0910680246822498,0.438824554711961,0.670448207527559,0.327134302742817,-0.800584193104709,-0.552298048084419,1.38181354788633
-1.55245990611443,-0.879984299250122,-2.12736016599561,0.413081058823696,-0.217574759125708,1.94142322257766,1.2057937348018,0.611640826469492,-0.727639236618699,0.737101533846693
-0.336910305084994,0.429704560344948,-1.98482219717911,-1.54578717454004,1.49515866525851,3.42095133578705,0.989158880649268,-0.180299355287987,-0.839294935125346,3.62648015490421
-0.322920193841986,2.44103046895638,0.619564738274651,0.219178709278211,0.798213693127269,-1.83406906514605,0.654035078004383,1.01816177074238,0.50111605542564,1.1685705100346
-1.86999855731088,0.392255720929622,-0.878496641215183,-0.157990334794412,0.190999509967451,2.8437176746671,-0.761674169721934,0.241681055869911,0.571565886498152,3.2602661517332
0.831190616250027,0.104136292090693,-0.000524018068402632,-1.73839174371886,0.237008604501829,1.93571613672234,-0.906045544429336,0.0942159775750465,-1.89960484092193,-1.81025841304729
0.527610225352605,-0.119049826292505,1.44226494474256,0.561293693122238,1.16059614068825,-2.37033533241935,0.505815773693218,-1.81531646639041,-0.708490151730574,-1.67562223672362
1.56519237510229,1.52351974600075,1.62811952383231,1.91636437745787,-1.07382697527792,-2.61299376175129,0.0222437842795171,-0.829678247034179,-1.2845514651517,-0.502711583625938
-1.93533962698681,-0.198458244929987,-0.647346382441716,-0.893136101996326,-0.19929420380422,2.33058948149267,-2.17440713305542,0.392687220274961,0.55571282621628,1.40928717288454
0.520648389402764,-1.28575651733481,-0.466213785687208,-1.73456363729846,-0.923207877896044,1.96162907304723,-1.4638951949127,0.727743195683208,0.814011184365492,-2.67783644890711
0.712474597426777,2.16565051552879,1.33092742221344,-0.439881285825571,1.13702376612161,-0.535122652688333,-0.171939776303113,0.381357094751321,0.101614654046586,-0.108505406966036
0.510840891337973,0.996603455139369,-0.183727433329833,1.21324642585767,0.763601879920892,-2.2424191286757,-0.307321603435934,0.240484031833869,-1.80094715373701,-0.235229066945275
0.665984103811176,-0.558656047425087,2.54536349740943,-0.0117211790965257,-1.02188965888247,-3.23212548583928,0.572419860945676,0.514732705949826,-0.152944633300353,-1.53639774474312
-0.253875178347527,-0.700435212302529,0.248198345635774,-0.303625902605736,0.20106858994476,0.930884872589095,0.810578115732177,0.29534704008779,1.32428512768365,0.67781336185381
-1.70257377996689,0.180402325409474,-0.0381527922013744,-0.0491791332297859,1.08600924661499,0.746119795746842,0.703266131476887,-1.32313386646986,-1.62385719631245,2.38482432065101
-0.29800238727144,-1.02096391173778,-1.70591973465894,-0.370600873886768,1.37316372006931,-0.517066402952471,0.539504126709228,-1.52230367130612,-0.595830644362556,2.43660582991774
-1.16030823326648,-1.94867466364796,-0.699223219672193,-0.457533331377536,-0.784139751636932,1.33441674342974,-0.233954102340908,-1.10831822771737,-0.946337321155037,-1.37865158312793
0.483330524437267,1.17244992093057,1.17200518292265,0.833505895237422,-0.770658837560965,-3.81803294471297,0.306521999128062,-0.304050311848155,1.67944386287055,-1.25642107188293
0.629168321316792,-0.435483396121243,0.300530268231885,-1.18217817482791,0.974736435260196,2.66451243774395,-0.808429694879325,-0.380870472282094,-2.88315343770769,1.10098825168387
0.468898739664431,0.231062211143066,0.988004320487701,-0.961715958149698,1.18175807749862,-0.224478541596825,-0.827307844218948,-0.453701495936603,-0.386750108831522,-1.56378020134477
0.194387593919307,0.899640985191826,0.413848202658883,1.16092661508495,-0.366322795375778,-1.79980934756731,-0.184914583714953,-0.0215708691891867,0.334519140852337,0.03608395705489
0.726801167725933,0.590565088643212,0.244940562752764,1.1468732834926,-0.197235646269954,-1.38163939282177,-0.397952097662709,1.49476362348818,2.02587363705041,-1.66336692895834
1.43121336267136,0.827084208562695,0.760698308067251,-0.311646221167469,-1.11026126420929,-0.463975142075534,0.516448028621244,0.345876118978986,2.38382112969157,-1.85405669674235
-0.340467962591056,-0.650694063300483,1.18197837328035,-1.69422108448943,0.580207684612811,1.68644749068483,-1.55664534057964,-1.08083904737238,-1.93153664354307,-0.832967772946116
0.0622023994363296,0.204588381647734,1.22887876363384,-0.774919973864316,-0.308120337054995,0.868649968790229,-0.0949432327419852,-2.31255426872787,-2.67597466049805,-0.0203008770932459
1.66877691317023,1.33315891668404,0.696280946984212,-2.05825352424287,0.195081060135731,-0.315640480113046,1.08709535145455,1.26103350386052,1.05256126955795,-2.57305524261388
-0.537243320259999,1.52973868546333,0.431871790475824,-0.507325441477856,-0.0984451479691793,-0.759595233471356,1.78978091944582,0.00120699092753529,-1.4605899085188,0.0196050482666096
0.352808181005983,-0.832923330818514,-0.63434554563076,1.05318041345226,-0.240400056964823,-0.67507400912743,0.796402747592957,-1.37734921683388,-1.4017677482198,0.0602987578075163
0.298954019701182,0.815505010444598,0.800295691323224,-1.15538286040277,0.881954292228908,-0.925622417757531,-0.517428546897129,-1.97442506655774,0.461505999357769,0.509555967933121
0.782965423402462,1.48046769854853,-0.869548536194144,0.0913190817795253,1.5701994663916,0.60161225041199,1.90531062191901,0.345325651351073,-0.149325545267021,0.663701029927065
1.00251501421631,1.19937486592399,0.190631081697581,0.646024995738944,0.25873654892403,0.0892861964795312,-1.15665064463925,0.00206248068892001,0.0539809914732702,-0.912316572259514
-0.625422554813908,-0.214209106862303,-0.235907898145798,-0.36438228238805,-0.899035534559957,-1.95489627930511,1.3030954689004,1.31064981013002,2.61744919051315,-1.63123143629229
0.346807759946217,-0.428764391622962,1.12910243413273,-0.243693061457328,-0.0130228376929448,-1.90953791942359,0.244687852121171,0.367279503981653,0.27311835584566,0.467535583057874
0.958074624101523,-0.68347517604312,0.634891663268648,-0.223502601793653,-0.250931324279153,0.331204614230355,-2.02149342934538,-1.97389432081905,0.768047287520645,-2.16488977202279
1.48695326003223,1.46785325539859,2.01426683238879,0.405513592084087,-0.165359532426898,-1.97305475741455,0.984807254458072,1.26905662236585,1.10124946730332,-1.92887505561786
-1.61326256069306,-0.700720551657636,-0.826767056223423,-0.68259541405125,0.332752000858943,1.84325494559408,0.0703530221709057,-0.527390481530802,-0.165478184045849,0.823875740475703
0.213882582963717,1.47029359957992,1.65607868338915,-0.402629316958363,-0.761594394666203,-0.444100204612436,-0.0583046132934259,-1.83288474091227,-0.518204301197391,-0.36787567962986
0.125122687867961,0.603804700007726,0.0993786409963081,-2.05659974450739,-0.0526936366772266,2.03107057061134,1.20401893677164,-0.676917552435807,1.03987952238401,-0.31981147187308
-0.204193665611943,2.13300619454546,1.14416457566544,-0.178946807002137,-0.31060602664296,-1.01226417080281,-0.0823506416775371,0.128722814435313,0.259129012972276,1.083525307115
-1.44251537560775,0.286540020853009,-0.294391892443307,-1.39116163393235,0.320854092885985,0.365974708048226,-1.59083409860023,-0.954108402256497,-0.340115224705014,0.457898030786412
1.0300036269353,-1.08190085388279,-0.453297677540001,2.61983934462954,0.645103059076301,-2.46731780547332,-0.164467258669212,0.277503774794974,1.00105544367229,-0.204502565389683
-0.519916784379085,0.664860804780082,-0.176144305626661,-0.0876916974340707,2.10971239184233,0.671357094978872,-0.350601397859075,-0.101916505249227,0.476635166624752,1.58288103008504
1.19314468875102,0.295262023664226,0.0356212486740539,1.38289629968318,-0.74361476626451,0.139485179114017,-0.612919618578762,0.0965530264769929,1.7993659314791,-0.552969054168054
0.237378531117227,0.181232717864635,-0.558439073609986,-1.1727065713574,-0.2963672045158,-0.548684342040478,-0.671831869322833,-1.41551427493468,-0.723655174916135,0.560480537326059
0.388111961017581,-0.428933493472427,-0.531074916600894,1.18704883410685,-0.110082612894862,-1.06206802884392,-1.3194560349554,0.436279285249002,0.536115944570118,0.447446177246486
0.544922867704884,1.28072332260675,-0.0185138944159309,1.24738346298747,0.30261119365116,-1.23929118058524,-1.18131814447103,0.893358183993773,1.20458553786736,-0.0781681345061687
0.716098955982715,0.800338673340044,0.364616346004248,-0.00905470969431799,-0.23905810337632,-1.474508050195,0.354109705279289,-0.585394053595202,0.859080651583157,-0.79362489178151
-0.818228297582074,-1.52598020847752,0.434983328705876,-0.271097924726905,0.573640598914245,0.840004448241977,-1.96313050063304,-0.476572558016472,0.267998442951227,-1.04312839033339
1.08529240545224,-1.7290384190153,2.10884586186005,-0.379605472904532,-2.14115316591875,-3.60547587631034,1.43227886627437,-0.28597389242613,0.54379155256907,-2.53184751330418
0.0839147761995559,-0.191617189573258,-1.00753229264038,-0.582960075687373,-1.09322254893531,0.223422070309509,-0.937379500647436,-0.632378114515072,0.198905698697833,1.99674185612625
-0.396634643195378,0.187326699839494,0.435446357573639,0.179999801411874,0.707970637215959,-0.930169175513924,0.344248272373917,0.670535587818937,-0.32681765366144,0.0975635612384606
0.364215125552903,-0.58510232666838,2.147930777116,0.695872056454566,-0.261884124994584,-2.0179326973415,-0.0643287371780975,-0.354816081969045,-0.19905562687554,-1.82853712713836
-1.08379105496543,-0.341657304934213,-0.519666750916231,-0.0827638383756719,-0.847415586070438,-1.1229073124376,0.631909140633849,0.380022176462728,-0.170650143042893,0.852056567098857
0.0922050798032127,1.42304914154312,-0.434633690421655,-1.6638919655556,-1.4464131546565,1.00353618635481,0.602630552943201,-0.781299493742172,0.559711881588096,1.18055247257067
0.31669629263432,0.799382927447034,1.17312747125314,0.152641439406905,-0.21798003979184,-2.27609162882326,-0.00332979323012091,-0.510863055656781,0.101146540816513,-0.4155294149493
0.283901945425809,0.822097545752317,-0.753589486568932,-0.307032191752577,-0.971839831533708,0.0700089458035124,-2.53358831866283,-1.93556877117321,-1.53540647712516,0.893102804547351
0.482953588263139,-0.53280206769384,-0.918651076781139,-0.715535343126887,-1.27931107868905,2.36635100228797,-0.846143523702005,-0.898394720964534,-2.46771550102678,1.1542861733569
-0.118387716613076,0.378801184954934,-0.738295199291791,0.545337460967522,0.917884207456543,0.128537693434583,0.144188955569187,1.51765970368249,0.819120404887525,1.57620389699599
-0.420691750526918,1.94077793833798,-1.52031648413474,-0.162713343883783,-1.53440298677012,1.18272224269253,0.250630139893097,0.479706047689137,0.707541791555458,1.77165095102872
0.571611279899394,-0.230232860283203,-1.1760223125345,-1.23597784473227,-1.11166092732347,2.64588487809257,-2.51277553680097,0.889852806685016,-0.317700872413864,0.279142539104122
0.247738471203529,-1.1194406531757,-0.394059325986276,-1.04708379422754,1.04633882131836,0.416783293039753,-0.366396463519322,-0.228040747973609,0.119264542390681,-0.53208287033856
0.559375069994872,-1.86055452102559,1.5624200179372,-0.517125314412777,0.484684794611382,-1.45396226897098,0.981806241928348,-1.47549511941016,0.106094485479112,-2.05352246803871
1.37806961410907,-0.787678846674976,1.09630971931956,1.33433929468303,0.930436814470335,-1.4552039355741,-1.10912042971472,-0.345953599549401,-0.879416548901737,-0.262106115515535
0.558458474518008,1.36720362572389,0.309929811022711,-0.46552482786947,1.88899557211646,0.786831415914929,1.27904625494729,0.508968824865583,-0.245744166078729,1.17765214709718
-0.138381559170775,1.5187997608636,0.377996080692813,-0.496164975333195,1.43301049070582,0.796003581873366,-0.724413459504583,-0.0353241620947012,-0.593362385485668,1.53878355143811
0.510646800225114,-0.194292045331447,-1.15319751402548,-1.53768972517153,3.34654531579199,2.59394073790907,1.8652449709583,0.481126548423711,-0.585528697848231,1.20449316898059
-0.960175049007197,0.676944953691953,-0.343764245837416,0.286868689605109,0.497576583226213,-0.148580552449814,-0.964473704386541,0.943359847956781,2.28150271373484,1.75401940837238
0.0302976081449716,-1.66731348349401,0.247601405349238,1.37121418277973,-0.692553981069004,-3.26763627090327,0.597528952703681,0.390167801998206,2.19352345581365,-0.719165890346529
-0.887506670222657,-1.19962017882878,-0.842802124978591,0.302145620158453,-0.775625430543396,-0.304145661962672,0.933891555154391,-0.230203017393561,-2.18549631088884,0.0961706842789077
1.05840181501721,0.70831048332751,2.39731633404177,0.174305432184141,0.954578529925753,-2.03759648239831,-0.194577904995746,0.221253339930564,-1.44390890166364,-2.27977489691215
-0.478905709843491,0.35029319098115,-1.56528224957167,-0.912031430677819,-0.37365281099823,1.41404816654836,1.65745469853385,-0.419745425843777,-1.15868291723235,0.49784922608277
-0.395610214325571,0.324093308934092,-0.0118192085519981,-0.659861322213458,0.709306406761253,-0.568732778609288,-0.68321515440029,-0.36478487828632,0.284420579915771,0.817045572995121
-0.178399864925196,3.14441065451777,1.43254241622242,-1.17485599355984,1.95128745005594,0.91543360018752,0.50160605069557,1.09103404371586,0.127386905930303,0.671969980485248
-0.644959950890642,-0.146273553653811,0.816644159977683,0.219869935040948,-0.483983094172683,-1.70568524740542,0.87368022130241,0.113956267081637,0.306439323690232,0.0634631209089538
0.594090708445814,-0.236621255934975,0.762269702962617,1.59549681056586,-0.097616038444901,-3.2134014404018,1.72322247162074,2.25056841881215,2.04000254319477,-1.60326663389617
-0.21101857643901,0.372551328867202,0.0229073762763716,-1.2420968947796,-0.723784698386824,2.57182492725717,-0.0582252895536153,1.16208092257139,3.1318801069883,0.620147264306078
0.81760754141471,-1.42151860668883,0.162407706815134,0.195740812738334,0.31268397302902,-1.53694191304747,1.34573274359735,0.285571468073859,1.84366676421277,-1.53769958012176
0.494562496929148,-0.519306529327852,-0.154286597264973,0.0459644773455614,0.236206037018422,-0.799484217988357,1.07388443172119,0.673129614166256,2.08091266190722,0.0836381350273672
-0.217564104583661,-1.70540565488408,0.71789014126698,1.26829318805411,1.31479410660039,-1.84793670856921,1.23507979446932,1.14739202158972,0.731228430349278,-1.11920376337849
0.575539049074087,-0.43783960914898,-0.327216213172515,0.455643813421675,-0.746586422191407,0.124724639557204,-1.04647672163736,-0.327570729189819,-2.06574110423222,-0.556984819739818
1.64049980871777,-1.35843301013504,0.859207781394274,-1.67229341336948,-2.05047988172535,0.560656377081148,0.111895879636396,0.687682558847966,-0.708621702472565,-4.8994524994676
1.30652238770713,0.251261325117944,1.25432270369453,0.883559779856314,0.184949967424653,-0.825619707379027,-1.35699685557989,0.467246395201319,0.501198610805208,-2.50514871582532
-1.38160720773405,-0.628859903563485,0.664501545119078,0.297636105880945,0.542323376021148,0.832798309771579,-0.786263121102097,1.13306463287493,2.64968913042517,1.99249999600872
-1.13359494863621,1.1395148395903,0.349908952546234,1.58816176397787,-0.466271488737492,-2.08646805688707,-0.325476991297192,-0.154065550612332,0.677519419204164,3.17929942941823
-0.691275383258651,0.45936573904422,-0.42634399967116,-1.51494563401774,0.14511583941596,-0.737280625106256,-0.661406973554391,0.534443440613321,1.80483271189903,1.08356525661097
-0.680352679839123,0.678512587542455,-0.907535081773114,0.0275401093697862,0.383948460167578,0.186173173270739,1.14380098426605,-0.00891909689720174,-0.44471719838959,0.399047889850495
-0.873818108649435,-1.52960861982964,-3.7574072744625,0.381707667410008,-0.286629878180925,1.48958381947181,0.539371879587005,1.99515656627518,1.48488415872155,2.14717083923007
-0.551871780206529,0.258603856870206,-0.641514660987313,-1.78696214656332,0.666962116592109,1.86779687087456,0.116413623416405,-0.0288809250752233,-0.852292953499972,0.227822099630491
-1.04639102534408,0.939032113431369,0.844370609356345,-1.0861950395683,0.595932760180714,1.32893245361991,-1.52369794268878,-0.170919028373664,0.189288163261706,-0.600897609296749
-0.0604758820586018,-1.51525573133565,1.31185640438149,-0.878623294827141,-0.411146437750426,0.00529281251838642,0.229184544412964,-2.09561391409188,-1.11210307978653,-1.89705644974513
0.452311368833933,-0.761319615291221,0.763848893543417,0.299351211581489,0.284442277341938,-0.308226147296893,-0.109242211065296,-1.04247934716147,-0.334375617938458,-1.16448944198155
0.95045627418136,1.22038260550853,0.403296486751474,1.68865413291249,-1.69139645228561,0.391361361243559,-3.24445832533248,0.281147365216554,0.800162016698731,-0.228937029110291
-0.735804164850359,-0.946629820268404,-1.15028145664289,0.104277700204996,0.523104934724619,1.21775846519347,3.25378715273192,0.879427935060003,-0.495361852917246,1.51921577065148
0.354610312634777,-3.61652048975943,-0.0231175228646866,1.11447804923059,1.32207992066092,-2.14000621024181,-0.828664643972921,1.36620989513794,-0.0387454679329164,-3.03456182295897
-0.990149217843504,-0.746745272847331,-0.745515400592679,1.40187197984389,0.918287270926823,0.668805733394175,-0.573435089831654,1.94752085775501,1.4038673238462,1.60817415099368
-0.520462812815458,-0.498227325699379,0.340067161721765,-0.767114574904548,-0.585643422581192,0.184580882294168,1.70491212434369,1.32560779792132,1.35242911411539,-0.518688377618474
-0.337556342280504,0.0249518047739722,-0.043796353888695,-0.0208302816272161,0.148594330659587,-1.11414413591634,1.27393471654745,1.99872910197948,1.85404537429165,1.46908334041422
-0.656134813969045,-0.0859551908382453,-1.81593535577274,0.711897957827186,0.408870604249855,-0.262619466754705,0.51684464449607,0.147263603650354,-0.014123173767537,1.91283828348302
0.626116413073511,-0.643810795631975,0.318533239609536,0.0642558379981342,0.795379689360431,-3.38285796202212,-0.844153759157305,0.343748870454058,-0.740681109721016,-1.88556326168346
-0.771410858965585,-2.02653020230446,-1.02605106977908,-0.23492657954597,0.814978493867664,1.12118617049119,-1.41230920015498,-0.246888191131054,-0.191751207650001,-1.03565584265447
-0.652326302060329,0.575353288891353,-0.206467532973815,-0.597338247682903,-0.653513452258675,1.78797616908409,1.02691723520125,0.283721326008215,0.00437907061699191,1.56796359015018
-0.926475474463349,-1.27978024853004,-1.95831873900123,1.54833733132309,-1.18069887820867,-0.0814672586277023,0.196813281626254,1.87672414769896,3.45433637315132,0.416245188746073
0.55910480051678,0.936787076013792,0.711093503581599,-2.2164308206243,0.156781380983107,1.68128337022321,0.311290584071611,-0.328329854322713,-0.52618398993794,-1.41148123273389
-1.52020806016403,0.87488206876958,-0.800615608829348,-1.12649028175426,-0.398605250101228,0.16170394666587,0.211641965051454,-0.967292144932275,-2.8113711497182,1.34667230668742
0.0947661301059351,0.522370579450876,0.475953819676037,-0.27589808783638,1.48341371990689,-1.64333826350357,-1.56256747964609,-1.43120177557214,-1.04782252143096,1.19866489375188
-0.160459492881265,-1.99224816538606,0.489244761516768,0.897651500237281,0.377606927652376,-1.31255957947821,0.227955062044545,-0.453069726334661,1.17501610686862,-1.58630611000454
-1.53820666568428,-0.553998387260209,0.63610463446707,-0.81791773712561,1.1400747368955,0.244690510005252,1.87077986881893,1.31609433859243,-1.49183561076731,0.844192007613307
1.97756493115057,0.279724335336275,0.315889154383569,-0.533706926444693,0.747457152918693,-0.149962401065389,0.317107833109848,-0.596489742656718,-1.4228338527721,1.0792869052621
0.0799483385069124,0.577439106267781,-0.263023208880512,0.791093748640711,-0.12992362487819,-0.479478454239281,-0.816715321004085,1.41215489906267,0.623651081601687,0.052319115738239
-0.389372698187091,-1.53483841506194,-0.0780590992586918,-0.607726849565507,1.68377778932295,0.550865924520393,0.448415108384277,-1.58314002686502,-0.999567153707992,-0.122996401252786
-0.56935880702517,-0.711923746265089,0.398543558494089,1.03586955816889,-0.287050552654013,-1.63888417350735,-0.9435497205374,0.896829566802958,1.11018895095319,-1.39994410323888
0.56751387336756,-0.853525651954172,-0.91256795776134,-0.366616720210153,-0.293600478179638,-0.402765920263306,-0.395251127550341,0.787911738362496,0.899373734550789,-0.745104678475952
-1.69977771518223,0.564894395507455,-0.959600055926467,0.465329495581263,0.520631083653853,1.14519018472861,0.742367979616557,0.367140816963384,0.0938020677203422,1.35225885414975
-0.25140307242789,-0.346406397882761,-1.29652830084864,0.43373995998725,-1.48467859071642,0.54374241898403,-3.3400957149169,0.31808088038409,-0.519889335933738,-1.29260206223785
0.696125075778117,0.349639657512598,0.348045152964728,-0.996952110659592,-0.143558969341278,3.64519220740676,-0.604391763888953,-1.47526151732948,-3.10820809207751,1.2608871749203
0.28221258666753,-0.638740675289132,0.0938226498244924,0.853349303408124,-1.05676042677676,-0.141472803668567,-0.418132547718459,-0.698821857369633,-1.65536693307338,1.90196171629168
-0.108609726180866,-0.71842755776912,0.232101021998481,0.647811651607188,0.190072213665883,-0.611461359033552,1.23701957929214,0.645355832708306,1.93878382960218,-1.30075007120025
0.343579948093759,-0.16158734160581,1.76236976507956,0.316537968761153,0.247527094760781,-2.64137844737889,0.860354960417203,-1.46279122341238,-2.95235540896616,-3.65335828853141
-0.565899215611131,0.209421862690174,-1.32651087486122,0.92099338698626,0.431231497146892,-0.86308911726327,-0.676776992266816,0.712445469077533,1.38334607057247,2.42933960885527
0.965333757425567,1.58599964148521,0.721247089193437,0.630127827765892,-0.227956001984794,-2.18398432742695,2.03192461185696,0.589663761051076,-0.721496295617912,1.04190017599112
-0.299754742655683,-1.96185937963853,-0.0102563539175069,2.20692865892211,0.263359507232005,-0.548758352498601,-0.0560125231274195,-1.25214534828872,-1.86759888654867,-0.520904733390682
-0.357264756441483,0.614787847438305,-0.257989931064436,-2.05353946515028,1.27402096867477,3.27307115443474,0.702768106441545,-1.20368666380073,-1.00356336526384,-1.74663982306042
-0.302125768385162,-0.777635325635792,-0.384768463572358,-1.16269232678148,-0.71411884274347,2.984218225459,0.894954365286077,1.19745043570708,-0.401992116798117,1.51977894835539
1.09531515080023,-0.843238189549373,-0.206354289968258,-0.541281226519563,0.344906162617931,-1.09527000551821,1.05454387899054,0.113352564677193,-1.83331152969076,-1.07637526524673
1.23914184756752,1.12834854855561,0.839102844438941,1.14623607063834,-0.55644680342259,-0.125734033603048,1.96654255325347,-0.00895387160143468,-1.77638162514014,0.891164822966679
0.817910010244554,2.34589243089475,1.53643049039073,1.22265792545676,-0.931529758512792,-0.969094762776864,0.039475548430123,-0.507224071259083,0.184585134765906,0.249751285959263
1.20126676120263,-1.49544391646014,1.00160475027246,-1.8860521891959,-1.01758494419023,-1.6654096721181,-0.484688358472738,-0.174021164156784,-1.62863214907103,-0.481509594816285
1.22772949376446,0.152894463052544,0.194184401347257,-1.9705910668781,-0.443209375504208,1.46990725684804,0.281246017350736,-0.853571119738525,-0.323298525481192,-3.22039601975929
0.282745293087333,0.172436408412436,-0.00780928504327327,1.08724956628059,1.03172870430879,0.208813510716265,0.580234572979513,0.367188516536895,0.76177941658193,1.77008646535676
-1.96812772392603,0.246602812038604,-0.560643300999708,0.142584955693287,-1.55725391948749,0.350045291994587,-1.01010913444546,0.569883375321982,1.37073856831619,3.29866194970243
2.03446581475916,-3.25223191284438,2.63948435537875,0.79075468035124,-0.582105616358692,-1.9400599579207,-2.59668782600035,0.0486749897694634,0.910544800482728,-2.90647041020827
1.7956702548801,-1.49220207941065,0.992860775312816,-0.978115336593749,-0.470971317438945,-0.223044516189971,2.22012203927062,0.436564719566013,-0.35023314967976,-3.02319042250528
1.38058542504375,1.25434014264156,0.803195359332932,-0.277688181115215,1.29824977806344,0.704696401467837,-1.64153414752773,-0.646256346598123,-0.00333548192049765,-1.23568234206055
0.523360634178981,-0.0630158282096176,-1.18162595670803,1.13960745299888,1.12921083117495,0.543676726110779,-0.292522124452577,-1.25964016647786,-0.497439291494009,0.946589734422267
0.73330302044676,0.237231038499539,0.573778676851385,-0.00858739128176775,-1.13583493498353,-0.771752866471064,-0.883696997298219,0.374992931713594,0.97483657786741,0.307814904602386
-1.19035884979135,1.40764439259265,-0.902846234379066,-0.783639800297181,-1.04880845812495,1.61981745940517,0.44554088438801,-1.22244609239269,-0.104606072111197,1.39621863946481
-0.426768415748476,1.92577254707373,0.284384676813714,-0.75083682768485,-0.00775201894956501,-1.03387103368188,-0.258391579410215,-1.15642465195443,-0.857151696012919,1.11650143039613
1.90187824409233,0.282932472279877,1.0320660203495,0.845741015500306,0.433288205221687,-0.960338078987096,-0.679152829089086,1.76698312194842,1.11940975524574,-0.747623024037387
-0.535192835675653,-0.226667835117293,0.405725698930221,1.43326750434721,0.707241509832433,-1.38515878937096,0.559187147041096,-1.24131218478437,-1.05086784749508,-1.61464349604563
-0.993122722020926,-0.72405981894374,0.459419761280147,-1.86012248714108,-0.0189164787178495,2.53210972911113,0.459890007677067,-0.0580327058041621,-0.7475965652594,-0.808703933880595
-0.432534251535661,-0.6750475679275,-0.376027774526602,0.256663732669495,0.529888719693392,0.917803223172585,0.701944067465133,2.02612842719623,1.58060619602384,0.0775062474531439
0.577365095046015,0.629484079179933,1.37508109732203,-0.57475321980709,-0.0763694473814525,2.03300935565326,0.668450871950062,0.389147130329183,-0.894523193360488,-0.557313941285556
0.429014234053314,2.81761572844703,-0.102364381034846,-0.405733952318624,-0.976304647220006,-1.76117270441983,1.77190195760339,-1.11863102541286,-1.14697702932123,-0.426475596071285
-1.10085170110784,0.502971523123673,0.722211689291501,-0.603193882827099,-0.2782872783066,-0.960437349559928,0.236604487961545,-0.98390331032057,-2.39032166282473,0.604397437289298
-0.363110962592808,-0.494391077710256,-0.153967780774154,0.347417883906394,-0.0944657305035079,-1.12302332956226,-1.01587823717161,1.86592581683556,0.483404711854448,-1.30974475705606
-0.371532462704074,-1.06080391812854,-1.53873837534211,-0.675288425871959,-1.15130765380374,1.63555477377683,2.12354343740276,-0.960549476383343,-0.0527890651694308,2.25760993198234
0.931672619921406,-1.00490523817777,1.1728495342929,1.29570235345458,-0.873225157799138,-1.92491346791994,0.751630673232669,-0.341837438782815,-0.019506169860172,-0.989434582882969
1.11488990264172,0.964507129226551,-0.0855070923137733,-0.10465924780035,-0.681774595761358,-1.57063595326321,1.66619111396498,0.583202731077063,-0.313087056705635,0.0494109301542668
-0.37475177197375,0.844577164165817,0.77895232415803,0.813903248269322,-0.156108328657798,-2.48298172356001,-0.633566986774641,-0.852095627851874,-1.1533307661826,0.890160514286291
-1.04280572673407,0.256666630644032,-1.40874035550236,0.370460555407903,1.46279270867202,1.64875979815278,-0.407987076096628,0.771436847256937,-1.09050555168905,3.82988996745791
0.726985959221586,0.315580510383014,1.23584556401533,0.872815065105997,-1.58475507010335,-2.07157488081465,1.11991775576166,-2.13761640320344,-0.68095143988073,-0.552256798295569
0.418819732431233,0.561069922260424,-1.28696343121334,-1.10281718568483,-0.497949732992918,2.33209318957166,-0.831807644760062,-0.711166059469337,0.542505468909494,-0.674816899669429
0.670395806896297,1.22816110644147,-0.365106796911843,0.13664642257072,0.0711196659648386,-0.76308081776334,0.826084104229643,0.589419927787424,0.449913202351218,0.632251285753677
1.14458121642928,1.09485197133874,0.387185667374166,0.198495876261679,-0.583472112254081,-0.00838994429268015,0.190865268851231,-2.03766088847197,-0.356171519552941,-0.984927420378694
0.662941339001953,0.763515350461893,-0.100945412241956,-0.0606737513119351,-0.623874512731988,1.59019384271484,-0.734345318395475,-0.446300358367376,0.176232601837849,0.1725222442776
-0.338535273944513,-0.975504881055714,0.0198542381696972,-0.0104597608577063,-0.442954123798239,-0.247073888054257,0.497016439735811,0.541652714650067,2.55812605741472,0.658077147015359
-0.392067941386038,-0.129988097015594,0.59509604782175,1.13705467558098,0.549941593337656,-1.49083775672475,-0.22049176347766,0.0278184734775053,-1.12513335658205,1.88765013651116
-0.541487195641585,-0.768040900845154,-0.51413435176458,-0.412922242098662,1.49319825149964,-0.496994514558212,0.458352350333229,-0.237204521572433,-1.03830714775068,-1.87986647539402
-0.435480887000468,-1.62113744328825,-2.14029223192144,0.0768991126248273,-0.365373471032594,1.8944501357552,0.108455702545584,0.946536936988217,0.137307982575986,0.180764317413392
-1.49488397271344,0.248657229731944,-0.943295985368364,0.856992502153517,-3.25478449810345,-0.640375217412778,0.88420555532058,-1.65978543702898,-2.05741030958819,-0.324014083462855
0.70894835457964,-1.59984507521568,-0.383617904741714,1.11841727621167,0.472834357668858,-0.176253471782986,-0.519702590968574,0.0145544978339968,-0.00266192495443022,0.46802278427698
0.420150553424564,1.16697454814344,0.14772737745414,-1.55116533866661,0.0301687790711067,1.31402754821297,0.1137920696091,-0.183904169368359,-0.434711449430017,2.16558678696194
2.72235857249621,-2.42126066865046,1.90072928673412,0.387239540130305,0.413501425472354,-3.58334491297526,-2.08282256989856,-1.88596498966788,0.371241564129058,-3.73856198671002
0.734736770137109,0.437371389486279,0.108121521504512,0.373626988779545,-0.697002580581466,1.03985577203406,0.801940457971979,-1.1422483282739,-0.460247510837223,0.00547048202302269
-0.0711852055041511,1.23774541540188,0.190739378632346,-0.349072139071771,-0.404727787336405,-1.34591401395504,0.433958348222657,-0.458112853379785,-0.167931489199801,0.215949986248837
-0.482479469647366,2.8316250090984,-0.543344752602684,2.37931881567111,-0.408090377219427,-3.47016215417014,-1.43791768465915,-0.746346772151282,-0.706690103250243,6.1226159751104
0.421498731986935,0.764082277061538,0.943417300459891,1.27049456576752,0.659826140192167,-2.02536617711656,0.683151796857682,0.168105229374464,-1.48395086804308,1.14457081217567
0.76769406231788,-1.07764143854837,-0.952070970657176,0.19166125589079,-1.24677612600107,-0.199160109879156,0.0783949892492585,-2.42448288696905,-0.539120878751157,-0.604136346633069
-0.64114537289907,-1.5070442570137,0.655010484990343,0.517359738237261,-1.16147931330392,0.0866957133139948,-1.18348885868038,0.104254328236908,0.404432742769926,-0.671223741594136
-0.261202354706083,0.380655942183863,-0.453887755885293,0.190933850067577,1.01456341682491,-0.689937060656771,-0.103494095176339,1.81925198661398,1.72807829477822,1.40443450505061
-0.0907660838396782,-2.19074768381997,-0.491762793143811,0.375395380612921,-1.2171244990449,-3.19203620512263,-0.55378240369451,0.0477442996524754,-0.0315082652333363,-1.66854948162941
-0.583859314224562,-0.304099742830459,1.09513696271644,-1.07798291032879,0.79451730941437,-1.17172027224306,0.492844668734823,0.925811696225498,0.622868155008289,-0.866278182872587
-0.43510814072376,-0.613436309709692,0.152049493719415,1.5356956592861,0.351512158677408,-1.40474068274851,1.06253482684658,-1.38166408846299,-1.06659452599723,-0.187059386830037
-0.363833636042958,0.734173502492883,2.00523998124512,1.5842945323416,-0.548454661907563,-4.61527015711624,-0.991897630901062,-0.843385575963676,0.727620404483688,-0.14693703091826
-0.659167834547649,0.713375029577714,-0.68689344806511,-0.153865025219125,0.0503536035833398,-0.0416054488753769,1.01501373142868,-0.466802235491545,-0.07038282297859,0.820595042442998
0.857526295195253,0.51024858180781,-0.68792928405795,0.693962911260766,-0.238930864880631,-0.0959400312040706,-0.401186016298336,2.44769069166789,0.188352064663719,-0.648306937929527
-0.853436925781023,-1.12514006069084,-1.81765172857596,-0.989684188195895,0.203730008759272,2.52088302167845,1.92030208642833,0.4804067355825,0.091080656215644,1.66889343259199
0.441777398207626,1.09431251353136,0.775215643757362,0.530368058021839,1.16987627641163,-0.174948574034605,0.465348052256878,0.423894559352245,0.908770078580507,-0.734922541934674
0.155085496943216,0.364171063561446,-1.602623292757,0.0190066705741733,0.166748006872578,3.27267825084104,-0.629467434245054,-0.0200964097255146,-0.00831717199160189,1.68636168884161
-1.09320029861578,0.98916433614878,-1.79185522632074,0.510908179842311,1.12832559736505,1.59948396832901,-0.665494691665475,0.596405793758389,-0.0815903610596667,3.62018910137609
1.00518683447731,-1.03664357595789,3.077956263653,-1.93864224012829,1.05976831298361,-1.66419996422644,0.0718553822186398,-0.812329600479795,-0.159381254499737,-4.40744546945809
1.8259640509391,-0.536646211867736,-0.233062528244492,-1.62935914148208,-0.362029236268937,1.84338503265666,0.554459339211505,-0.175354562009524,-2.63432704832423,-1.77870027040702
0.388093662570827,0.226159774774867,0.791292217017983,0.244794313840506,-0.23623672984132,-1.20847575298128,0.609911225617572,0.905224293172673,1.00081010230985,0.909895551492579
-1.10685611823936,0.213276561305853,-0.666462931619596,-0.535398648437136,-0.969435585394922,3.90336732205445,1.35333937167229,0.763692698753035,-0.644435271737013,-0.543565045474986
-0.669164242412065,-1.75498515952572,-0.181609288096335,-2.1469372358654,0.23454449952807,1.12308005159236,-0.20294859109292,-0.710790024913529,-0.15698989863638,-0.819371586144943
-0.0687758605387014,-0.322063936174853,-1.37300483671632,0.0259428697352913,-0.15847786552941,2.08588367598541,0.509073219845206,1.28910661481923,0.47530051889055,0.509659235408627
-0.607746871142366,1.3762647563901,-0.0461081147154045,-0.444971644837904,0.323518497999707,0.504520921029231,-0.215587484092767,0.321936277530159,0.469808362037297,2.45575618193683
0.164003059336235,-0.413782071617197,1.13832831103246,1.31817084046819,0.754875923655552,-1.35907894890898,-1.77967237510285,0.679381137323041,-0.419198469404558,-2.90640294239101
0.0427329888935485,-0.395421908638802,1.05816211152624,-0.276432288210767,-0.997265695437426,0.32123638951711,-0.521693373380032,0.391611084701634,-1.04164477836739,-2.09260492556854
-0.209069264590777,1.40083105238202,0.518679246847993,2.42891763773551,1.37840788821162,-2.79159820224144,-0.254192056417714,0.124098490425301,1.26469428589597,2.13572602750215
-0.0929689905691365,0.130492683797213,-0.520841589054333,0.390117748471928,0.600224601602509,-0.18679509658191,1.27368495205205,0.142524027823546,-1.9330261378112,0.56981289349397
2.12055075519413,2.79037431110159,0.674827467250959,0.830474723899799,0.621668646652392,0.0782619972065061,0.229957246957874,-0.527483979461973,-1.64539638703383,0.895645968854586
0.982483822639239,0.333323978145803,1.76927580316659,-0.179548992977523,1.96947316659811,-0.758320172570982,0.90330250920618,1.58580166390923,1.8304265123591,-3.00493320615607
-1.09090219119755,2.57187814410364,-1.27043720615628,0.235978423037903,0.00334730199911569,1.32637304089864,-0.735781201576613,-0.754148810614258,-1.17672182131933,1.80365025101144
0.80461160750473,1.28457334475106,0.0539381238616535,0.174431347588315,1.6304550396367,-0.752774206285054,-2.17649291193298,1.95536768381953,0.224736053436091,0.738416962054908
1.19632426123244,0.482108204590947,1.54441716644541,0.509341677300817,0.645353888856041,0.329883408842442,-0.609122982771023,-0.816772893021292,-0.0115538309820154,-2.28473802510778
0.600334596946041,0.446478230052504,-1.32480167687758,0.812024944197168,-0.580188645447969,2.18296608291282,-0.0601120071566837,0.188803199074954,0.481179867485944,2.15263781598341
0.226106100778883,-0.993085230422182,1.52375033358374,0.150001040646815,-0.799250925975342,0.251688490155443,0.0855773370026127,1.44492621764752,1.31526291153218,-1.01749861421472
-0.464918771147406,0.489479664452871,-0.924254289904721,0.653617063825944,-0.85961120874012,1.63296257324549,-0.123201663071551,0.0851235819601612,0.562009331012367,3.29249920116526
-1.03476366466562,1.20096631216308,-1.19389540337108,-0.804516106562311,-0.360135182098696,1.0900995448557,-0.763837553925751,0.246181180271102,0.792997602656942,-0.063644618636964
0.470883034538456,-0.151200835875482,1.42092895954442,0.859100847116334,0.162468028862195,0.214759193112082,1.13389953169087,0.858109051482147,1.95717784418452,0.315672446767357
0.635539793114501,0.29966060487106,0.979506539911597,2.16549325030967,0.897974141036699,-3.94325673502387,-1.58502213461361,1.34045994189669,1.04512352447106,-0.243561563588079
-1.07030925710955,-0.936663652205885,-0.327166299661902,0.0896226981516146,1.58800460838757,1.1939267927754,2.04635924916603,-1.19750774575328,-0.801259809729244,0.968979264364924
0.92753120281221,-1.18868617401424,0.321153653157257,0.845363115747499,-0.675704280623186,-0.842218388157417,0.285202515306728,-0.0322309741772832,0.950025665588806,-2.13955536103606
-0.339265827157983,-1.0975769201246,-1.00666608086151,-0.0337303471013944,-0.268726829951654,2.19744014240102,1.83763142141761,-0.636316521262999,-1.0613155164482,1.10743336920747
-0.592472726010704,-0.475397199541084,-1.05719871641004,-0.889495468125256,0.459530893084573,-0.00599159379807696,0.534169617063102,2.49057806075714,0.915214122698142,0.651780585013873
0.715177435869025,0.61923713508171,-0.266628215617811,-1.56540403775567,-1.15161779680228,2.35173263360125,-0.891044525323658,-0.61074463503845,-0.945976188430795,1.33934594263429
-0.302628852591512,1.02883850575097,1.13356644388963,1.66899189337178,0.633292079666675,-3.08484789368145,2.08862839741664,0.174604644247712,2.24655477054734,-0.128510548659212
0.711735141637134,-0.481349146941628,-0.316007129251045,-0.124322052862433,-0.0326491031039224,0.00423368938778435,-0.142633736832772,1.32577607257227,-0.754709247155256,-2.01693926704621
0.0708297763654432,-2.33028755693855,0.603610367967924,1.02506387384739,-0.12636640716773,-0.195831936620642,-0.626943278527548,0.360472397411456,-0.325944782032448,-0.161295121602965
0.629094143720643,0.898189924680785,0.749824586227532,0.180056911947328,0.395086258056119,-0.766275313473407,-0.684881951714238,0.676532423627889,1.4908958512498,-0.69567930070913
0.120457121531179,0.630126363458796,-0.0326265153797942,-0.151068383027723,-0.131525690364832,-0.0265481426980387,-1.33012964440814,-1.18928863376301,-2.39207779822777,2.16293423652275
0.391707481814009,0.15084855475627,0.666232583276394,0.229944074160705,-1.14741892029959,1.17740470642504,-1.66420447827662,-0.860192693763524,-1.64212995670604,-0.984440988498298
0.582843015721421,-0.736509625196046,0.113716676714594,1.24004516143349,-0.61049877831003,-1.89645538882541,-2.07306127818211,-0.817525983357142,-0.584803778916769,-0.837475327810621
-0.272910546033868,0.045505030461794,-0.324372048904136,1.11338970736993,1.15710534543994,-2.03966063426405,-0.167267296285646,0.835667566495001,0.683466607203855,0.314506319469643
-0.31049779885394,-1.13686434626102,1.42974169566224,-0.622025968813939,0.0911593098328394,0.212929671614689,1.58558448500437,0.799430981760603,2.36520553716541,-2.23481909474082
0.691959980435569,-1.33667989433907,1.28739364910144,-0.0437904542926537,-0.356285351943221,2.38569976435433,-0.081870713966876,-2.40721397743027,-0.236361381930781,-0.99133900467818
1.05320642553219,0.496009437236539,-0.284248929391876,0.998550010386413,-0.30907247422908,-1.73703590688127,-0.0884650690050621,-1.18756943103551,0.0320904226979648,0.00284866833797308
-0.507485792251663,0.846491866489568,0.972589107003981,-0.974852290752324,0.211555777763126,0.126634085251652,-2.12704838370329,-0.234323647281542,-1.26497964481959,-0.19610966436561
-1.24647805321163,-0.18371814338737,-0.13151436005226,-0.440622611270973,0.3134190839579,-0.64092130166648,-1.21437753035702,-0.506719503219664,0.0556354915440851,1.5750525845131
-0.494854690504119,-0.364579991206486,0.942768851667193,0.487452042194162,0.105834479392345,0.413253193911811,0.2585651300864,-0.163821071443466,0.380958299104846,-1.14034343199299
1.86903779550978,0.423600793199877,1.58524520942587,-0.389848032591932,-1.11438671720151,0.0116377554302868,0.263769434145181,-0.707478539107228,0.0776622207371075,-0.993147816170849
0.441056150812941,0.0267443933309806,-1.11702896179138,1.31511451305498,-0.367677043990243,1.49327980010764,2.8457651024793,0.179117964430819,0.76730931880827,-0.187855793934972
-0.382844541543812,0.160263468742284,0.010849807494665,0.778375156229147,0.443251631228815,-1.39339647374602,0.226142419722865,-0.123771710185934,1.62555836268191,1.07978725720355
0.838417145551743,0.0507860188319836,1.14654635862332,0.659416029586053,0.9004682912562,-0.370055761273529,0.236832947453023,0.386840885092648,1.34079172795276,-2.65647588464847
-0.493444957901692,-0.783258915932828,-1.14267017534275,0.699262814335186,-0.51542806703384,1.0859541514596,0.149336785608433,0.341639429054668,0.657124232393839,0.82030907966195
1.44744845920137,0.891110000780198,1.37182116886592,-0.610728445183593,-0.621208226570552,0.611500805324778,0.399560480687398,0.125702998608534,-0.601282393830154,-2.19620779320063
0.223452358368486,1.39006806663193,1.34865883706601,0.502937805624231,0.629081021854001,0.0691963797130919,-0.430669466624412,0.0622537226258327,-0.959615369723852,-1.22504232560289
0.875981750292716,-2.18836646786677,-0.602627710106331,0.170499656069931,0.451650724957784,0.73694768117252,0.691567946387975,0.56907537470647,-0.431495436688009,-1.62963607031686
0.492303034336259,-2.43823106970405,1.21485959098004,-0.880602021381431,0.0250499634956017,0.361018704125964,2.05969504367751,-0.763996464226695,-0.743436572999367,-2.43832303158526
-0.465781208263811,-0.127106431869708,0.24549205098885,1.03652983547345,0.695033554728318,0.316580136134207,-0.237337374602031,-0.692622288114117,2.41167555222972,0.250184768359515
-0.281714470604326,-0.796318348912758,0.687563874185344,-0.489158636493807,-1.27338791013103,-0.394306897971074,-0.00729632386188637,-0.265548208527873,-1.59311761254061,-1.79453603751401
0.279843292326605,-0.185609308287119,1.32356325008509,0.236416750289894,-1.23578208720894,-3.13521627994372,0.691630716445844,-0.235948158931556,-0.0267279050307613,-1.99801137925521
0.511863255600589,0.153569965883613,1.26004422477536,1.28404419030684,0.296674838139014,-2.84062732641848,0.214799385133116,0.360528967787763,-0.137379419354394,-0.826532861171827
-0.0755145202568403,-0.214224240622446,-1.43429115335507,-1.28939975609125,-0.548045470842189,-0.0346088439854332,0.415745893025923,0.104906113189705,-1.20764072365024,1.50211829719505
0.722646384689206,1.36573532905163,0.497085865891249,-1.15958177592035,-0.181901455416532,-1.33424333653775,-0.962209378558648,0.518570840290897,1.6453430316745,2.2015254318529
2.2472042085201,-0.102121082444556,-0.0722169365917034,-0.471288213677056,-1.39177714983791,-1.34210664020454,-1.62593013189579,-0.0530636817198292,-0.456271130805526,-1.77409591299236
-0.853202247887776,1.03978053155659,-0.071357404436509,-1.58820251705561,0.797659320264469,0.304294414312471,-0.378378137047309,0.742082572886264,0.0429906668432379,0.131593662146405
0.973945748183303,0.382882990185823,0.61210577297881,0.219242605778931,-0.138119776798578,0.349426513645015,0.987024662797629,-1.20557031419157,-0.142828974101656,-1.47155122540445
0.43097654793457,2.96834049117047,0.866852349350316,-2.30230201608476,-0.0701835442480853,0.728276088899798,-0.183824717506066,0.657386299831786,1.18875282820705,1.31638207841351
-0.343524373065944,-1.21004651492552,-0.0751126315009203,-1.01042297091058,-0.30490681040931,-1.4850793395893,-0.587709982834755,0.462494592637888,0.0555746505815786,-0.448420537227519
-0.391450425195719,-0.653748699117802,0.603915545856117,-0.436862650459778,2.63362617923004,0.112492727424379,0.518715586070079,1.34974894651386,1.56732993939367,-0.700715096503249
-0.139828964805455,-0.808041513595936,0.0517785854458487,0.566260891304704,0.513471393739801,-1.6553856767671,0.161639872183978,0.37543596023491,0.934890566117466,-0.140739235980116
-2.16055897422524,-0.35470308458898,-1.13857222085303,0.0558330680771631,0.852674113944493,0.17143596320438,3.13244797031956,-0.394467396077871,1.70714454703636,2.23911571748328
-0.274753187382568,-0.792407853609089,-0.437353282844155,0.408084941058273,0.42588966384532,0.582197192862104,0.677411582957874,-0.245619107910317,0.942097270734745,-2.73446550370059
-0.379006670909804,0.207902984647996,-0.0129121462443648,-0.742407742670618,-0.295326406110669,-1.36111556247707,0.455310589246711,0.371146016286995,0.485537795002091,0.889002545038946
0.233774398320682,-1.9195812012549,-0.231489069272754,0.960663727499404,0.548636664895314,1.02151822404283,1.77634245086871,-0.0550329468994472,0.0337036330125317,-0.640583546372581
-0.02306966576028,-0.338768285664054,-0.341230786758118,0.42327893026522,-0.388955284255817,-1.3924536580264,-1.89494046308165,-0.401001313897797,0.347166369382879,-0.86318689562092
-1.17501662152768,0.661169386716425,-1.22538581081841,0.792297681272954,0.50333668454862,-0.155183246978061,0.407134700844519,1.60667413117375,2.46471276674919,3.89322204347501
0.15402070065334,0.169149328755063,-0.742810693723525,-0.221426520746055,-1.0455930465809,2.15245928807664,0.484927187593672,0.203914316091573,-0.571545426222708,1.85803555144392
0.683232162088643,-0.963060094277524,0.226630712928115,-0.153352696845263,0.364909422574194,2.08238804621259,1.19322476063108,1.17343201575834,0.514445549095964,-0.140278333572938
-0.96684260363702,0.646541388787832,-0.755915727376731,-0.739545866347384,1.03904766188243,-0.10305795358196,-0.565361147763365,2.89748099444271,2.40805576004443,1.58059099186163
-0.927566306586778,0.711637533173654,-1.31169730338597,1.68267181204071,0.397869497302322,-0.558847399502676,-0.951226249597114,-0.393102770091494,0.417680815149585,3.05906810098941
0.585801851167378,-1.05372155164855,-0.105800168376846,-0.82814168278452,-0.0118151144094053,3.49666443798796,-1.29846154706347,-0.247324026057402,-0.494047096861152,0.743397496698634
0.513035807345895,-0.93430216943655,1.03429147833058,0.914836022063445,0.213432252839071,-1.29392585249488,0.954246182575478,-0.0111133558499483,0.915959502695153,-2.55792635019012
0.941212925078221,0.952703916371619,-0.8889155910422,1.37525662028351,-0.549304141817095,-0.503355380281576,-2.22082072309615,-0.200902630132764,0.784264641317313,1.89159918348485
-1.12494972119355,0.254531872492658,0.449451308135925,-0.987604138035789,0.26436263390804,0.481224787300695,-0.743045398527948,0.193965511714365,0.0535010933044153,2.48093988114865
-0.750989339693889,-0.435205025067983,-0.80897086485333,-0.972994912474604,0.446524991365876,0.983081452818156,0.134481629903089,-0.150015631578654,0.721524919210218,1.5650205679463
0.0276486792238261,0.94021356765802,-0.81874268354812,-0.48787466532507,0.404374110469652,1.96856170299828,0.678074041334654,0.755873624613648,1.21056802050276,1.82655351474656
-0.588374647601793,-0.731888874299277,-0.821597121825686,-3.13989602882996,-0.338994820120688,2.95156753574021,-1.58973408390264,0.217451146811017,0.775366354823864,-0.347790018907464
1.16954744843056,0.272816575241032,0.554447689155371,0.0960738323977027,-0.815775156089321,0.100208617034326,-0.910487263434528,-1.65949803132207,-1.58562304569892,-1.40863073478023
-0.667077665993668,1.97578840411549,-0.991459386786144,-0.369259998887217,1.28410356770163,-0.00298122697771241,-0.340246728514733,-0.546151543798174,-0.538521177745564,2.0174091884853
0.13019763273315,1.33162430968197,-0.86607955964231,-0.954241123829458,-1.86091809006302,1.49174482100983,-0.146116351910491,0.323005275353097,-0.855574411775757,1.94484960879634
-1.67892347159412,-1.80291291957076,-1.32952889702884,0.262729394741868,-0.288566414701676,-0.873871153305394,2.09552423013577,-1.85192636411049,-1.48068039362657,-0.240310884284717
0.560489697925844,-0.535977754879378,0.439665631468911,0.469849568167125,1.27401711860154,0.11397177580603,0.567130352820688,0.521821819197351,0.543851164582733,-1.11014697170151
-0.00685449366112628,0.643508167664381,1.15635825749845,-0.284894831675055,0.0330546227946585,-1.95776345397359,0.444960470110827,-0.486439639956048,-2.36797452468815,0.214327682754048
-0.0444087355210219,-1.27062855567041,-1.46517847034579,-0.0428210757818147,-0.708005291825995,0.973527455422968,0.246129472239919,-0.746563744518188,-0.637833533455751,0.800620877496542
1.77800940089248,-0.211409852972443,0.486999805314263,1.43532986978822,0.516381308193181,1.65581464546752,0.163790756551603,1.40323461216639,0.888534591498107,-2.33318084556689
1.54531585982212,-0.0970950743200954,0.72769080256509,0.456474836889452,-1.37311088811402,-0.0569369164798123,-0.192467323902283,1.60765950028492,0.841517823090557,-2.07880983887696
-0.673655778500789,-0.984737025439003,-0.857259547257031,0.603213487090392,0.532444342889611,-0.390990870819911,1.22653950295357,-0.713856321994637,-2.36651171952841,0.0523310735367069
1.46633501970388,-0.585450543447384,-0.192204957499558,-0.574703105737075,-0.235069780406819,2.89054880903633,-1.08485291366409,-0.169432282324594,-1.07849287094364,-1.67182383785999
-0.4229698642692,-0.920413913119866,-0.279811369194635,-0.0435829375665995,-0.00126928989174068,-0.388174014210137,-0.577812888720674,0.944619996931692,1.6392221579302,-2.19106260267642
0.0361081161171375,0.697826835849495,-0.3061262895968,0.187803367215247,0.590058821746407,0.312953493408177,-0.0527731183362787,0.411310864402596,-0.565690319263571,-0.886648361526557
0.472745149086138,-0.576933755134269,1.05274867869681,-0.379125560876459,1.47472480742452,-1.3058481467411,0.0331695357758553,0.20505214947749,0.204419713726161,0.572844474769536
-0.364295940882703,0.709359210374631,-0.864753296587792,1.54017652429912,-0.0840962197688815,0.127494804419596,1.14862306269009,-2.53525735139728,-0.8853593573871,0.622868125945844
-0.317080499019944,-0.396780946474374,-1.25163040432351,0.754788423940874,1.3256635727437,-0.515803141889009,-2.36550986383867,0.298311783918804,-0.344372533377957,0.578621621394181
-0.388702181978534,-2.34917809829802,-1.70160545626744,0.318407704805194,-0.0837156724097203,1.5551605413936,1.0962047953453,0.0642028039596546,0.0582214835659978,0.430652268538411
-1.7236597774211,-0.917649077698159,-2.18865481021496,0.731784337137393,-1.06827919967167,2.95466316450424,-0.386474672381344,0.317972717763299,0.753926171550888,2.41082435297248
-0.112293762683814,-0.331261393809051,2.23702081318662,0.420134961945975,0.243662287820608,-1.536374538393,2.02726940912332,0.422996601792498,0.00737814175990881,-1.75256290158725
1.15840050633342,-0.538438985687636,0.667603442255008,-0.102941938599261,-0.30303827226322,1.01890709295437,-0.690964316909392,-0.104258928748758,0.56475058232736,-2.13724300109081
-1.88111729877233,-0.744425521030024,-0.0756204188768037,0.105625030742427,0.564450086945293,0.366610949941874,-0.534714464764424,1.45936658710685,2.72906058534948,0.894433654193944
0.56148475273679,0.0807310353147659,0.849830901774413,-0.901499602328246,-1.72107318266582,0.16994957812587,1.25966785106615,-1.93589877704555,-0.20526138136397,-0.287871022718329
0.715729073042415,-0.571252270902024,1.78685231754119,0.48669793357984,-1.14276178941289,-1.1313881195133,-0.840363117566553,0.342094138775791,-1.16466970630539,-2.757904646299
-0.491292433955575,-0.450433579186472,1.61784054329369,-0.49164145301966,1.55284890141733,-1.33758790475178,-0.39286270844958,-1.09691623143441,-0.858174601119451,1.22533060950661
0.254055626873399,-0.234363207431017,-0.989168513962854,0.653755994631829,1.69655391289606,2.56123445312889,0.14145654691114,0.897508621835564,-1.92791226591447,0.464828513446198
-0.315885007441138,0.234634968342098,-1.18114620439979,-0.167383220894618,2.05402283118796,0.182456959347686,0.497328080339342,0.484058858664999,0.706320874635397,0.818906984102281
0.61364170458009,-0.476239846527561,0.238302794546007,-0.49106669823226,-0.134962041763402,0.716686523719241,-0.233607771954442,-0.579262546383222,0.925052019636557,-0.532073111503608
0.373527162963127,-0.627151440917775,3.04082553013689,1.82128870721586,0.119551420013655,-5.24423724897652,0.203607617988246,0.0333617827391162,0.359610641888388,-2.67189670758848
0.674755038326131,0.477585027138459,0.331201308718216,0.0369941906974262,-0.419753979765787,-1.40763277031707,0.164662748058287,0.660953340078579,2.06704828411045,-0.19389862950469
0.336536220185487,0.0522527162581818,0.82962272997591,0.818672525966631,-0.583269660547874,-2.09348327380702,-0.909067377296638,-0.597454761114744,0.533361051273596,-1.63794608741326
0.130870258800419,0.110936007215289,-0.544470920186841,-0.103833279744132,0.436929474889123,1.44341479205124,-1.70395807990752,1.03639972396949,0.71042104526301,1.41443143636817
-0.488987724619446,1.39982818674207,0.660045746964343,-0.163562158182872,-1.63182047055735,-1.1824903714181,0.597796227636762,0.399479240538101,1.21326789440766,0.683229827758815
-1.31096143984228,-0.096503748576493,-1.85282005523525,-0.520906085458579,-1.355542170287,2.70114933829175,0.848175757963597,1.04397186824954,0.412630487342055,2.6760037748589
1.08808385165679,0.452398493748441,0.655879735658922,-0.230382135143208,0.886674389476949,0.077303719363065,-1.27449611263028,-0.634464729359821,0.537627353082592,-1.65318941405265
1.47173801058984,-0.332717314645457,1.03728686746061,0.314139604939999,-0.272487723333255,-1.29141512118763,-1.87869687804463,-0.308445446212642,0.015900295393358,-0.628562892025123
0.0565296631432613,0.214952649270023,-0.139337463914365,1.13544542625894,-0.429944452786253,-1.51383767145977,-1.99499205369251,1.82188553312632,0.243345938248732,2.21783803151445
-0.776896630351038,0.0202635486261205,-1.11147082061392,1.58709788580147,-2.16888080965423,0.706670479985909,1.06613212468728,0.139509750939772,-0.109265779559565,2.14179631838993
1.02004083147454,-0.793105928073576,0.883714071317158,-0.791261966523284,0.870892335911127,0.190216316306493,-1.74425391895211,0.236899138428609,-0.172243987408067,-1.59131661300085
0.222546737319342,-0.339212590828863,-2.01645230906139,0.315298197376114,0.643140023624555,2.50098598616506,-1.90809889745346,0.557910400035371,0.210573317708394,-0.382435634418308
0.309217160709239,1.91913443256021,0.419177521366926,0.896079689085561,0.599153719742403,-1.36425767164101,1.13982166290015,2.00506855896834,1.59718351477714,-0.229634420929875
0.017507200850947,0.225163571690298,-0.622239615644701,-0.764280198084179,-1.42482907214876,1.29617382244926,-1.63358750118359,0.160752685192651,1.29244247853429,2.06546055133612
1.23449327683898,1.26680432753914,0.966871834944332,-1.48851133917218,-0.507834680935159,0.51586828913057,-0.793349629668336,0.372828963153329,0.996524894547472,-0.68380365946511
-0.645598039732987,0.347542772349325,0.0618421666330848,1.01566708402035,0.884962498698118,-1.29888208255349,-1.2017412671138,0.848107890968809,-0.145356715557111,0.928152179222163
0.44652776148386,0.125298261655187,1.0714126970151,0.199177984753597,-0.69959366414164,-2.38914455229146,0.832318062259347,-0.55772422073777,-0.860594123911151,-2.00743799642977
1.13746083167435,-0.846837772249103,0.828878789962668,1.80996593947631,0.173673216097056,-1.92486488394727,-0.735870443465951,0.275336674086094,-0.0952963168140961,-0.910750290235855
-0.0388819204138598,-0.242578717831926,-0.815976949341863,1.13448238282051,-1.02463889926377,0.459212793859443,0.24036111130747,-0.450448455533949,-0.130284842385046,-0.39618056892203
-0.87446678872794,1.49152000200807,1.06614128659243,0.394977639457539,0.134684773644921,-2.2099156120651,-0.915511180234577,-0.413996615304729,-0.59124445207646,-0.883579980913214
-1.14373736309084,-0.680444264421111,-0.351951271428942,0.464092097874184,-0.255019949562595,-2.32317228783567,-0.136538005626569,-0.812474047003437,0.664615289059762,1.58599565785901
-1.16792338285558,1.77717768525089,-0.893071528264574,-1.68281342508271,0.054450531259418,1.80706416671883,0.985508751579651,-0.0227563827990329,-1.21116832178766,2.76065139757516
1.23684419405632,1.31323205067034,2.99931319636645,1.16212628254261,1.14327096859341,-3.75978396855738,2.00727841979518,-0.608121890034197,-0.174394317878653,-1.58088163565529
-0.27500212532353,0.301248641399479,0.496960982573469,-0.600570226410977,2.20325610501755,0.0242350052719262,-0.507988042196301,-0.240526254157467,0.734466617622042,0.930769370463236
-0.613001533229785,0.0431004395327885,0.153318458413602,0.0558647339700439,-0.152359597980226,-1.80347765904287,-0.07299707979797,0.70992684734196,1.21293695426175,2.03962951068096
0.133901674403413,-0.116860888684362,0.575958215780156,2.0969805385832,0.801239136625189,-3.31662324675252,-0.899638668729892,0.355100915185872,-0.763594163901074,-1.23015704913452
-0.573088848833897,-0.0696498236314475,-1.1861870146131,0.617494726440521,-1.5249940273662,1.30817098710853,-0.969482939547055,0.704899259362941,-1.03400226275908,2.3643089143261
0.745910466787555,-1.63364446615083,-0.678947080494776,0.99468456949825,0.29361269963293,0.750956418485964,1.03883978079768,-0.154057289289434,-0.927562124871324,-2.37118015470619
-1.20798180668333,0.045319935398633,0.364938363274502,0.79055430593957,-1.06326157504197,-1.08347228824512,-0.59681232882531,-3.25576826373143,-2.02553491924473,0.219991212729349
0.550597118889162,-0.727898298419022,1.49400939407837,1.12819880786064,-0.911186254635944,-2.80003434444962,0.225022604051734,0.590240670735902,-0.777444171661969,-0.806864245110836
1.80748979290259,0.730729881924351,1.9933117677423,-0.808414209727952,0.33750626838757,-3.12940758369561,-0.177296098638468,-0.148294723958956,0.0202053571143067,-1.77907251351696
0.723595248198598,0.66862271635515,0.298094220689149,-3.45392583842814,1.17302921284239,5.26125475315818,0.536482212296186,-2.25070891141417,-0.815830547059024,-0.594465739719676
-0.947446624228994,2.63704915128795,-0.0174673293892963,-0.791131005039593,-0.0490483285984441,1.20315277553579,-1.12013153225127,1.15897012788525,-1.33975119204621,2.93609081488744
-0.620629556594351,0.354419572112684,-0.966884774393838,-0.501400271170159,0.00685643545594098,2.12746866799226,-0.336701757183568,0.760036098706073,0.851783317715522,0.535592879926395
-0.88067738882003,-0.223147932768066,-0.145513356059218,-0.0748344451982366,-1.24641049932678,-0.424685055431896,0.53839943175722,-0.560643904997969,-1.66964814112374,0.448856020397964
