-0.7573323629392,-0.365500806973504,-0.903884061563181,1.10388329856664,-0.419248594141654,-0.188361152651224,-0.72855840138077,-0.729123466691855,1.03143791779348,0.781827817606602
-0.851738711021355,-0.758338469124416,-0.418161187078407,0.351094619223328,-0.053717372527992,-3.25613760258743,-0.506754885824781,-1.78856559192032,-0.418226125695996,0.848597773517431
-1.55318780708993,2.32087513066091,0.789590311402627,-1.26833508574012,0.365354363950168,0.158811888611377,0.4803118780349,-1.69889213707079,-0.519015757517278,0.937512787859704
-0.552087501193892,2.60785882797745,-0.174318105259751,-0.290862485575062,-0.29488439583078,0.680564802417512,-1.50927258942652,0.322550258324524,-0.432792399766874,2.88489807720522
0.0624094268252836,-0.402933457701349,1.06886924068114,-0.270000401758198,-0.0104272576418063,0.945278499749915,2.19863955745355,-1.5099420677722,-0.634666049615085,-0.17587321639098
0.836342045543743,0.045004655412366,-0.776850448507658,0.0597902103618729,0.812581660654405,0.946628022765661,1.5913018171122,-0.0643919692417632,-0.910472002494948,0.188792775041049
0.758403975552989,-2.03238551799909,1.5631006736421,-0.105698480500525,-0.985116816867324,-0.939159720763479,-1.75835156393,0.624141504911486,0.570598517393181,-1.31939334955188
-0.107795268984796,-0.113028198672479,-1.26965422457078,0.822287628278648,-0.375254207154934,1.37562919220034,-0.878699846355291,1.14917464798148,0.939728105663843,0.70530313071907
-0.412099902334509,1.43829563327869,0.400131501116071,0.787552720529143,0.154087269834705,0.673190697865119,-0.59229558766733,0.858157088383587,0.308265307766204,-0.758492549075589
0.581567521776249,0.485264937733383,1.24001101859664,-0.812450522994852,0.744019980303261,-1.00566892593031,-0.310765331257294,-0.460908465799226,0.317514408584808,-1.8864429006526
-0.0347962061100329,0.483399885026528,-0.669937485485656,-2.38575808929328,0.640345152408131,2.2795907750158,0.0235359267447638,0.182505582471469,-0.619959759439873,1.96548469194072
1.08353655723673,1.08115031080274,0.425203296684953,0.831403507769362,-0.0339765969064915,-2.51217042459756,-0.0548246641830315,-0.114505490282895,-1.34945458998127,-1.10207014839502
-0.677023413116475,0.143536563289775,-0.760457686946422,-0.0721963162154112,-0.527040929160377,1.33442011779763,-0.244544243669144,0.825970672046215,0.639295316190353,0.240765800577238
-0.658329260572725,-0.950718384599218,-0.691163189119257,0.268701507124189,-0.935943243551592,-1.77491024555257,2.01467235594309,0.251072854406037,-1.20094933319816,0.416997846899306
0.181513404560155,-0.958100230186673,0.850636035094403,0.235329497552242,-1.16724578418361,-0.192251878026683,0.741029892877285,-0.488706246307162,-1.35395465597859,-0.705731248313185
-0.65089231673787,-0.10128682009859,-1.20130892956985,0.450867768999985,1.23490809410457,-2.12786084678269,1.25860417007725,0.564461223584051,2.01412290599653,1.37031286368947
-1.33335969183427,0.758327196916184,-0.116130487768019,-1.83121448916907,-0.125936089721577,3.22347360668152,0.870638563363739,-0.649860414999028,-1.49092609273913,1.07592333514241
-0.139969453111894,-1.5650615648851,0.320383182718344,-0.272510862316881,0.335558452974937,-1.94597620837407,4.13814923903884,-0.699392065639984,-0.270405543305684,-0.828758718427443
1.39583660617832,0.417319758232774,0.209204573370612,-0.163322069456681,0.16037291482794,1.81127441031646,-0.889773965672134,0.931742441694351,2.39486291314285,-2.0013101772546
-1.390227753615,-0.236745478069756,-1.23697051771531,-0.473810349242378,0.390551239871335,2.75597231810555,-0.214867325882323,-0.96861843241494,0.115696002045481,3.10727614728195
0.404355033563404,0.736432961189647,-0.543780116100084,1.18467553489035,-0.102304257902103,1.29945447490484,-1.15149361816258,-0.77716848734745,-1.40103562377295,0.283630477735505
-0.808816993709692,-2.67861446882069,0.0364342218458386,0.285652044992331,0.840470047852137,-1.88086516772003,-1.5737977986299,-2.00679038296472,-1.62926232837726,-1.41415151535586
-0.490058850710773,0.341208387460542,-1.86532485962473,-0.625711583149564,1.09462684997962,3.0366825110814,-1.11147596036992,-0.0731520986774073,1.92613811546203,2.08623409485796
0.348940349008618,-1.25485748901031,-0.96702408330037,0.564364165087838,0.154033157255812,0.00575962699199546,0.208521608890914,0.22544910682908,-0.93520836299284,-2.88141958145119
-0.434618614786996,0.263896738765621,1.32071451544355,-0.0141834993209098,-0.824226475397072,1.21790404301054,-1.91464876970389,0.0795427430255954,-0.333025940803675,-0.173466111246164
0.694656263256392,1.36370879416055,1.26358283816652,-0.278429588452413,0.320869932885263,-2.63021640975058,-0.814755120569882,-0.467465084106694,0.468642001695818,-1.14830577900386
0.505221144128322,-0.910919831747151,-0.219019157736551,-1.41969801338128,-0.391153457181467,-0.64318749746235,-0.7516037287654,-0.859842646440383,-1.14756674689973,0.483511809597283
-0.726861222254536,1.42136952329525,-0.03711592743913,-1.56906110551665,-0.952168777738356,3.01751500262545,0.256949933599841,-1.26618562849461,0.425548025214619,2.97164679008731
-0.540020348430649,-0.0963934446990786,0.473142697205534,-0.491689373037336,-1.05260592504041,2.36214900997961,-0.115959284850255,-0.0379936344645106,-2.24313513513123,1.93662511861327
0.602947249622584,-0.247245944995711,1.00950069070727,-0.327801043674554,0.525230478250929,-0.23902095297257,0.179941583878015,0.723978061472803,-0.525285745517558,-0.819621242574674
1.91050988587994,-1.51459982918622,0.494850324743176,-0.626873064945502,-0.261155745686186,0.0598538725469508,-1.12096203036038,0.261570121319635,0.693843507251954,-0.784289045786005
-0.0308875594184052,-0.357010813644158,-0.382868439545418,-0.187580495960743,-1.40318748827069,0.198682125435693,0.114964769040921,0.244367104328694,-2.05407029238803,1.15041722206396
-0.076117785152232,-1.1389230249523,0.745623055078231,-0.763871623683914,0.242991442024049,-0.270274948372586,-0.726695084849947,0.297043682657573,-0.376838148841931,-2.4857438933562
0.594306055424903,-1.27426862570944,0.0608050382593547,0.512700466143056,-1.32228847535616,-0.682698005793513,0.0891989952090969,2.294597616435,1.25388132116352,-1.57075070738562
-1.35975003209972,1.98538221638021,-0.49501078838715,-0.238009748286739,0.0390870112747203,-0.000530789568735471,0.537446430562653,-1.08567588284683,-0.296659425882534,1.75916050027792
0.732308337909544,-1.35543064349589,-0.416050967956454,0.377737700713113,-0.142632379155475,0.81013166318854,-0.41605234462767,-0.926357660527991,-0.525556089209966,-0.410511936839315
0.569266892647624,0.430275917822837,-0.711702144444207,0.152830145543092,-0.4761406887622,1.61733654526594,0.906763264454766,-0.140468192572041,0.946073116644621,0.209275526930913
1.10738162688106,2.73078106572858,0.393522051882778,0.543773425469466,0.490923924787744,0.674391949991764,0.57579626733708,-1.49370583818447,-2.1809786216162,3.32754733482923
-0.0308663351061661,0.501700560716108,0.587373405441034,-0.0690911494133196,-0.350537013473817,-1.42080140562692,0.853687740117596,-0.00673186586871832,0.0131757820864047,0.561629504937827
2.04010874326398,1.12322610945107,2.2904542000588,-0.943260270473285,0.588487880016471,-2.56775811179209,1.13219310902465,-0.363533578535823,-0.301061663207973,-1.76423425160378
2.67350996193088,0.769627625875954,1.57296318024475,-0.271432836032635,-0.400245802638197,0.381240949507435,1.39989094295216,0.897512980322643,-1.6997513616239,-1.89371604892163
-0.70652917133304,-0.231281133435973,0.0757574824989136,-0.0122824760879587,0.959502881197562,-0.273444663346681,-2.93377103296604,-0.112614521666302,-1.22632662214691,-1.02165025468746
-0.118335004300203,-1.05392104796342,-0.450562464441928,-0.117392500844896,-0.290534427408239,-0.19945205557451,-0.251524929088886,-0.0292114347024552,-0.487047290906392,-0.788688807817009
-0.370210938602779,0.347730065389822,-0.18323265485637,0.557903036638134,0.242308431572856,-1.72549207451891,0.939630153013948,-0.462425189521795,-0.917936463176079,0.712580079218198
-1.28003090996002,-1.26772160188173,-0.332249155721426,-0.555625413715203,-0.816377051066504,1.14209853987005,-1.56671545141158,-1.46967182960181,-0.26539453683853,-0.258122724677112
-0.010018254094686,-1.83634871033146,0.495327995663186,-0.538360958068343,-0.856755797900408,0.330663542767221,0.221848752042937,0.180285882582962,-2.47714868178164,-1.50822774585617
-0.33839524803571,-0.112249288967979,0.395107657909389,-0.300569857095189,-0.568215236533903,-0.384983796669705,0.57442108258016,0.357419050849105,0.21607042942212,-0.413535170337449
-1.31777546631882,0.568067260315608,-1.78276264653141,-0.862915362398868,0.193403474449444,1.81233206566586,-1.76360117393811,1.13244060199282,2.23908701631729,2.20601050283061
0.684176732551526,1.11281685428886,-0.00942591592233647,0.0947281166810736,-0.913383324875873,-0.536823297755038,0.559863329860191,-0.043898668195194,0.0366769117839532,0.191165936216961
-0.770901764393434,0.520202789758413,0.62480497012986,-1.50955583527211,1.00831506648685,0.444843679138319,-1.10613749734704,0.330569457751153,1.0657466251382,-0.349008813811
-0.425203750776965,-1.55936434711665,-0.367573461076716,0.529852782428036,0.632328337948073,0.187359536300992,0.387707536300735,-0.624594018290348,-1.62987786307791,0.222736891933502
-0.997806577484601,-0.874572295516061,-0.18422336273553,-1.25160956657738,-0.870474056090283,1.0123510172266,0.196679895572739,0.939279011048039,-0.598736688511072,0.236455981946784
-0.694933873157332,-1.07784591913578,0.0147722958503562,-0.0870992168181692,0.2668037460686,0.679182536576977,-0.607637374816827,0.0667201174691776,-0.467339806516884,-1.90937673371141
-1.27857360742614,0.904736484840983,-0.869563086406678,0.167037243122054,-0.104419611904342,-0.161599819015807,-1.39800344960611,-0.522930186360608,2.39858505009382,2.6421067132501
0.163677752596108,-0.569651554799223,1.62661371147611,0.533299217792443,-0.831012372077313,-1.25327033378963,-2.78664708396533,-0.0508044130829265,0.486318032917766,-1.18924266271801
-1.05201256572047,0.0221549821304589,-1.21795198581264,-0.733531192158564,-0.000448698818488652,1.04291805189604,-2.30815865055169,0.748638663153956,0.667150511655888,1.29458301655002
-0.21278754687412,-0.9868477605627,1.17704584483509,-0.0476947263574675,0.686986772568886,-1.31071985957585,0.282374619112792,-0.00219174511015988,-0.0216387912593503,-2.40852433239798
1.79534827918679,-0.970561572604988,-0.131364516839223,1.30662980555522,-0.388976597320674,-1.83224675155437,0.421467119916697,-0.249525336219624,0.54780832818688,-1.80581172029255
-0.57389593474875,0.943834830027439,-0.246614407138447,2.04053167989177,0.963094681212305,-3.45112767778386,-1.33571454735909,0.0807616381494528,-0.823868510082155,2.23952803909158
0.99756184509676,1.42978615364685,-0.744338335467266,0.568846277298311,-0.327182675523496,0.043337829210709,1.07852699678613,-2.47283992813615,-0.924927515952364,-0.201274355041018
0.0536862127652699,-2.42441819348911,-0.117427013023158,0.0340526318934164,0.286265267778009,0.427944257182819,0.193853437951456,0.698487935900789,1.1546282887737,1.20803331749262
0.823579911566643,-0.661031432090546,-0.130384720992426,-2.56202661934537,-0.258992669566937,3.68274576633784,0.252366560540003,-0.836702524602487,0.546307827979132,-1.52394050055556
0.83392240795522,-1.76318746217486,0.825157316941626,-0.843900759637936,-0.661619805340356,-1.01696067878324,-0.51694489021899,0.0538749593124231,-0.725924084563614,-1.09622914297018
0.760405912874093,0.50387227366018,2.09994286093833,0.193228924601042,0.0739185125191892,-0.930141761214983,-0.342711185591922,0.0848332703347249,1.37131679923811,-2.91233216392857
0.968776910258625,0.471891189736848,0.589362710661309,0.500326599412018,-0.523395355441866,-0.0466241247739125,0.243094914362248,0.357487089540627,0.443357468237443,-0.524010124983302
1.38031916500646,1.62243057329499,0.852675266453858,-0.211651966811371,0.58973695231999,-0.897187172725945,-0.515771038879759,-0.596738046023594,0.530273317195401,1.19138101601798
0.233386257938422,-1.04532862708257,-0.684084564750703,0.726460074058646,-0.269436568011358,-1.4227415836156,0.602349663902245,-1.11024336573701,0.0757809659360966,0.895474181260348
-0.0797344208583603,0.0689372773884461,1.38487772275953,0.134527632641483,0.456088735473027,-2.61555376043316,-0.110724224435026,1.17569799097447,0.482272025025664,0.0258189211384518
0.367630843254899,-0.111956107130687,0.850002631915397,0.595452559295273,-0.739991012128133,-1.16252138331828,0.142637516181059,-1.89245722285259,-0.418937713319544,-0.734273368981859
-0.752727242719498,0.306366490492337,-1.11155448280602,1.3140368455512,0.75279130095206,1.57559539304908,1.20649988991617,-1.4244325029404,-0.978039193294406,-0.113308768340109
0.114851217201244,-1.94878512516729,-0.388704101972289,0.893518923238505,-0.0647959733946772,-0.683753549054945,-0.790390229508857,1.29755387165131,2.04489170485066,0.34674191491316
0.557846580000045,0.141770958693092,-0.240505319022219,0.130990886329323,-0.0756155119503568,-1.5335461134827,1.15629931420382,-0.910392024720583,-1.06047208103049,-0.00720390178902515
-1.05171162828547,-0.962050291617975,-1.33616228477822,0.0094232180482351,-1.1831640053211,0.265757331601555,0.431991405420717,-0.346612670232351,1.93747999459973,-0.601224578412771
-0.533167698946191,0.778487321940543,0.730688456984115,-0.757837421636339,-0.942239235518543,-1.61756247745848,-0.52040400168057,0.223631400787998,-0.78564651489479,-0.733757982668217
0.385620577771866,-1.78894518699308,0.646043071385291,-0.644039997045132,-0.340929546927379,0.744585266330715,-1.3630084002755,0.406634524954918,0.319106684307013,-0.53597242895759
0.527362692747755,-0.154599049563736,0.312589086160226,-0.570246431292762,-0.530495271666114,0.490025580178461,0.47639581607323,0.844596895201635,1.76192632806058,-2.07820373068253
1.02379603651269,1.18885980685842,0.902149584921936,-1.64859083168065,-0.226488931410708,0.44824210975463,-0.945326976933631,0.513847228495115,0.24302579722858,-1.19252971579455
-0.862572324197124,2.00021186645979,-0.563743042274857,-0.210926508314602,0.599939154947308,-0.537233068654884,1.3082554296713,0.688814306325049,0.463664989773082,2.21468836668519
-0.487780434750635,0.0303906877085422,-0.253703406937257,-0.0404628047260166,-0.82207338006386,0.625405736351153,0.45034773544733,1.62806056248366,1.38431032029951,1.54450858257298
-0.0804845640707804,0.889065825407986,-0.686421096653008,0.0546266345808592,-0.249663698658309,2.07790121007612,2.65671992807432,0.615868453050949,1.58424180154707,1.19425565488271
-1.07181296510955,0.674618154581974,-1.0447478816431,0.8654757435589,0.302333082564099,0.957890519717436,-0.526095845709404,-0.423366388358443,-1.37724470775341,5.68879423687566
-1.55431984964306,-0.98809345811691,-0.463675930852281,-1.06059698679104,0.598944075835069,-0.270591980443195,0.335398232924508,0.919221056415264,0.242116191975417,-0.309027570167357
-1.0853316103225,0.00914243894675105,-0.77453428885777,-2.04328288510371,-1.033316900231,3.38967280956915,-0.964267592362124,-0.833711691631288,-0.914447459356327,2.44711514752809
0.617450213760034,-0.35448650597205,-0.0567118754847185,0.0968265252718487,0.0447477325361054,-0.299621519074241,-1.04193191739038,0.160953803729403,2.64852597498608,0.488190810493703
-0.121403086516644,-2.4159560380034,0.598160329138413,-0.379736393369931,1.82511943311165,-2.39373640210275,0.916346140136543,-0.730584678973044,-0.856811522539326,-1.29794508685269
0.531703858998421,-0.102466346995262,2.1205132798992,0.0393618869938048,0.145569615569985,-0.864023103499087,-1.60703083976471,2.10163693508457,0.812783680907911,-2.17226310652913
-0.22248370356861,0.818822543634769,-0.633328312738918,-0.139846271036493,0.622994467908738,2.56895323927119,1.65002413331933,-1.10383930581287,1.05299906423955,1.40667720633123
0.483853706921933,0.938420351078712,0.523910992710981,-0.721749692006371,0.101735085080949,-1.43541718320704,1.87927062619424,-0.415779460962571,0.25161039340897,0.18066074930407
0.401665500127277,-1.54342051971371,-0.658128933357809,0.453416456874872,-0.0236207846386325,-0.0409122584684207,0.657550422659584,1.23361907340767,1.07640630861143,-0.273198395660365
-0.195992174190457,-0.923923577690386,0.430746919576155,0.905331150150017,-0.255342467995427,-1.22848667745914,-0.332632680484209,-1.94945541719661,-1.82649041156391,-0.345681154604511
1.13262585698546,-0.119055846112348,0.791096960768155,0.0629086573963909,0.371283723276486,-1.61449493981531,-1.15587802927187,-1.32570068454955,-1.29577774332653,-3.46971060646085
-0.462167365846128,0.967049941061346,-0.97654138905842,0.957538833262257,-0.618057798851134,-0.126805627107714,-0.88088134082323,-0.325226068429919,-0.951090005053682,0.627980599568113
-0.635782726293358,0.441604759819469,-0.792083454658208,1.19218195514617,-0.367165884328998,-0.194681803777253,-1.76755553686105,0.414514973182061,0.996817045330938,3.04648603046543
-0.203059996030356,-1.58864399807191,-0.623412764674012,-0.0517329319391245,0.987719129975626,1.88176063616527,-0.733661147833014,2.03574123118251,1.44535281758475,1.40307528742727
0.336375097895952,1.00122555638797,0.140312884208383,-0.071514420145121,-0.44159750620355,0.0325240376507768,-0.584709558997081,0.465314702095841,-2.37361076506181,-0.0535420992460283
0.910310772367836,-0.229578051762312,1.52707711477315,0.409682432219316,-0.408325343177513,-1.7516025328265,2.12264812878933,0.37198261533525,-1.12826410146175,-2.29788604436598
-0.583969611098078,-1.26983915345797,-1.32254954487245,-0.8894365076325,-0.148675810733293,2.6314869608708,3.13624731506385,-1.14429834949337,-0.587930574838525,0.35757332446233
-0.469682589356704,-2.41800472663913,-0.61845175578956,-0.388767866697149,0.628129887083791,1.03391131665516,2.36022876560601,0.198893914017523,-0.469362518560361,-2.18969877833133
0.042740546838458,0.203500916529391,0.183706669619551,0.348399645129245,0.436833276753208,-0.217374014067768,0.119284768948612,0.411965510946256,-0.0474445665649154,-1.38316603313595
0.119707231674916,1.30616004168047,0.410177113028387,1.71791181929565,0.533341862762955,-3.85323885963032,-0.587447963249993,0.277679378686677,-0.655325466069569,0.127854375148227
1.29648733871667,0.828052712147564,1.59170655187766,0.310891120538881,-0.326488006547293,-2.23894208278512,0.6056935078943,0.683479866103554,0.392048604822055,-0.216074577685412
-0.0426043967820117,-0.574434983830437,0.291231288060025,0.372088201966882,-0.326388362424987,-0.244165598733626,-0.124413644318477,1.59256806715265,0.348548960998476,0.856934190914692
0.263347055696306,0.198131579005213,-0.57722845959353,0.0444265309292366,-0.440925163480091,1.2884478447126,2.86751082692268,1.17308764965826,0.755800035952026,-1.03501620040506
0.240265118139738,-1.06796910745163,-0.300584464753873,0.402506684145797,0.885247501445244,0.668883445625923,1.18079339708868,0.531241494877639,0.516054483949285,-2.7597135997753
-0.930499882827076,-0.255692402307551,0.596417582375454,-1.8856142720089,-0.771483004172282,-1.40142846592757,-1.8332885784596,-0.612044572510729,-0.0523755882969932,0.557316826298353
0.0402814863303174,1.72162325978094,0.13597295333602,1.54491790993271,-1.58495077358117,-2.79316825134536,-2.00064673067509,-0.937033300388886,-0.216115195563226,1.28397380517731
-0.565756994534024,-1.16460629733228,-0.700718902369712,0.125484743669422,0.136907300613932,0.743751885444501,-1.67827257251758,-0.576820276862534,0.421086050802106,-0.856929202932561
-0.541014673829975,-2.33594524253001,-0.844322988288954,-1.06431579665613,0.0528855073465544,1.47138110569482,2.64222000214953,-0.492550322437823,-0.945400822556408,0.586949240549241
-0.921026948096075,-0.0184610091097487,0.479097719756013,-0.0548111985768431,-1.53307458531715,-1.74490531070722,0.863813206031158,2.50898978533658,0.0295780373195406,0.280325795982256
-0.148246455331039,1.41287740637501,1.22320502452399,0.592134848713071,0.725377828858917,-2.92534443965156,-1.94514402535193,-1.44962520850375,-0.712128031543432,-0.266839652029779
0.245808399744261,0.220726005525624,0.765833508093167,1.66097821868029,-1.44236919259196,-0.813937888518954,0.405624002038027,0.0421985145848967,-0.233677555570389,-0.499304947043534
0.804294595436861,-0.312824898589982,0.970225092462166,1.35045738741738,0.869769528419077,0.232787656110484,0.628291812341903,-0.235182855485289,0.305848436258952,-1.54459281162812
0.611626971596221,-1.06008459323089,0.769277554411319,-0.0525223001359862,0.000528546995241317,-1.31003311538124,-1.59410704046211,-1.18685457802373,-0.246531175771221,-2.56370139808104
-1.15985515433038,0.63623275131172,-1.41318907494596,-0.598002136075335,1.11232101422979,0.822408637915359,-0.0563842816246084,1.42694256946934,0.96948662276283,1.2147907589262
0.594658900339772,-0.501550343388919,0.868112800524674,-1.18081738056709,0.80076103866316,0.779910424816185,0.322379029863087,-0.421780745530553,-0.181934333823795,-1.40981737209043
-0.590316315006803,0.678839970737172,-0.998166231374201,-0.033700527988913,0.197872087525677,1.03689464028918,0.153599948422587,-0.172058267512862,0.723139471331496,0.0651420686573722
-0.0204512292687461,0.43184488377914,-0.466053390735435,-0.00230436607150579,0.869640538817193,0.58780911550276,0.0449806913229927,0.209612734998766,-1.19576853932073,-0.688383178788226
-0.45048512821257,0.692171269132667,0.87813095419684,0.638684480518315,1.60512197501851,-1.66273895239024,-1.49414655560815,0.949720142230753,0.971247489169467,2.97142606653534
0.492172347421896,-0.810731205924383,-0.395557669998538,0.794697385890808,0.241780053740333,-1.74608056817547,0.195977821203358,-0.0796659821613482,0.458958735936923,-0.985724982733768
-0.236331118183922,-0.940176540180426,-1.28218103347212,1.72497788152477,-0.275189456033823,-0.358451205619905,-1.72253263759697,1.11338230773917,1.74319396349013,2.80672802947465
0.336953126191317,0.0325984316694239,0.321972704459103,-0.345890378457774,0.662472061471424,1.16414490531444,0.995509724832188,0.787582028693519,0.628241258540017,-1.78203489325621
0.942880223582083,-0.595496305498623,0.101331168126646,-1.47483536025045,-0.751758793549281,0.612046484842093,1.49590580833823,1.74849729201122,0.112713135320888,0.200654074050108
-0.0299395491291244,-0.0605910655147919,0.504892209556193,0.180260375685684,-0.747818236389759,-0.0679441380147669,0.351422458642818,0.972943660457567,0.0354492210343816,-0.28824406947829
-0.194788052585972,-0.658429965027971,0.905017065929529,0.13330809817034,-0.0777225812522634,-0.839198185081544,-0.472922774203272,0.358412839504881,0.495011668811198,0.0800522254122667
-0.0692697239250896,-0.394518711371484,0.423040912618614,-0.191917732138546,-0.976219384536627,-0.205286833834995,-1.917208326709,0.0480958265348913,-0.0430273354114153,-1.64071690978385
0.22126241735805,-1.25097993771357,0.147498516489036,0.217808280897849,-0.0517332251418329,0.927927910445023,2.18950725699625,0.447751953597576,-0.284332076677613,-0.518976534021263
1.9279174833285,-0.755290921657603,2.56294364634041,-1.31822089826073,-0.542106699422421,-0.232052716426196,2.59241175701611,1.8990922591256,2.24714471667683,-5.00543031190635
0.913597669759342,0.566257465517003,0.900886196849124,-0.776162991542788,-0.433113346394287,2.41620925844971,-1.59893485558608,-0.606035579999657,0.0310821221551925,0.666034786821961
-0.395125906404132,-1.30377125752342,-0.33664914070484,-0.203807782484847,1.09241009120108,0.693264811822072,-0.143781385874378,0.155566260655129,1.27176886938512,-0.971240682657284
0.235352780725173,0.537824190890084,1.13290952081843,2.0519328273465,0.992331895086633,-2.97287874465381,-2.02677767637272,1.47391406602697,3.46723318838058,-1.48538256515251
0.0775270043741714,0.482736737767199,0.594987087555547,-0.323114858324915,0.202641748163208,1.49374472730701,1.10765008536435,0.513022913378933,-0.25650446691202,-0.748114277965469
-0.203675928393776,2.23050090502417,0.687066987711409,0.272137881538826,-0.0953451612861849,1.55028803312102,-0.683807822283938,-0.402143259573462,-0.378856841777744,0.67852497623396
0.989909315074026,0.180359688722844,0.299640993486187,1.33331958824917,-0.865461058489206,-1.21261077889438,-3.39977110784615,0.880523487184541,0.252554362013757,-1.10693429829216
0.432044396717019,0.893757909829754,-0.100977737845175,-1.42435255319034,0.345002253666527,0.374517092454362,-0.456374274361502,0.808918233996628,0.0329269664957539,0.404194382839586
-0.326245650580906,0.626382105936411,0.553310658671505,-2.16996245737687,-0.222497444207991,3.06333541869736,-0.0423747576115529,-0.00449082620887862,0.201158691582901,0.067643749856421
-0.452816735852772,-0.0520942542539318,-1.04797522816916,0.302559393433576,0.414926623027287,-0.355742847630907,0.0717401571330878,0.73420220759764,0.0636397447983977,1.71551480250672
0.00262014243999345,3.0369875337426,0.0495244734282508,-0.000478678497848557,-0.228326943157479,0.577791227354964,0.780447104937305,0.94231518229758,1.07184978698604,2.05743043059917
0.311385269732017,1.4274462077,-0.280477824839851,-0.687043995261184,-0.26301227954202,1.97409519367005,1.28234940463596,0.680182148076284,0.431080306764997,0.502943755902509
0.187620107951603,-1.21622348832767,-0.0610119407506949,0.91110643093156,1.07500051147485,0.33026350886266,-1.01227019806392,-1.04189818122093,-2.04513626415988,0.404223150917168
0.0328671309720043,-1.52652776299136,0.775431132887791,-0.0261027931853828,0.405830080151489,-1.8760152120307,-0.295965649719682,-0.358874247883752,-0.677861226121888,-1.73235726245065
0.341916171367312,-1.47247295023021,0.391779700169222,0.637131611395643,0.500469025175556,-1.71021617666243,-0.105815965863183,-0.912306543460932,0.0635354448298587,-0.428461030029386
-1.26478720473769,-0.794018353895371,-1.71601721704448,1.27331924569813,0.658802128979744,0.215815489087872,1.82242527327978,-0.886087476075409,-2.1992941301472,1.13929885153081
-0.159740551981094,-1.70558678080085,-0.88868830313364,-0.205459922631939,0.800664673322567,1.67372876754152,-0.565395793316585,0.370970544296733,0.656089136834785,1.1408798547688
-1.40012775978741,-5.63216985189278,-2.03693159521244,-1.69210569042331,-0.115172268151586,6.83195494935435,-0.591544175852842,-2.12833084048335,-1.14635714606753,-0.88050851332991
-1.41172695793738,-0.804449542514865,-1.17847213022282,-1.42464221631323,1.27219030785019,2.40741686800392,-2.81824221587861,-0.396410210511609,-0.898358495274469,-0.671612819597083
0.285852807255449,0.390753439217338,0.702028060980817,0.4746034064536,-0.586281271881831,-1.83335406833064,0.996146176250449,0.447845288305603,1.59937353198462,-2.08035492755528
0.939774850606418,0.729396629789577,0.559579194870865,-0.244424481911119,0.646479356213464,-0.309078862682099,0.450995922615538,0.344070332320701,1.78166689418986,0.596361626434471
0.886128800526106,-2.77700383747519,0.768199477196825,0.469948464711826,0.229121481957777,-0.832761194943624,-0.501852158048109,-2.06158202452489,-1.36376248785222,-2.56309542630549
-0.152746929104472,0.274443313792103,0.14440014789152,-1.32825162990896,-0.709879468053343,1.27864058020307,-0.45369961486583,-0.984322812140789,-0.47218933963954,1.26670081167255
-1.62271615225203,-0.673923122001533,-0.156938554765117,-1.23861239227994,1.37960390641719,-0.687029948460468,1.57942710135964,1.29865551140047,1.37580888366144,0.673141744824901
-0.711878831059693,-2.17067049902827,-0.518272061227042,0.751892046650862,-1.50019160743775,1.65847659388092,-1.54237627880598,-0.660022364282345,0.231414440196101,0.835612628003569
-0.231566913752882,-1.60297011836513,0.876323333553377,-2.05529771154119,0.230451610802881,2.15295372283095,-0.79910420539037,0.136877273441109,0.255143911117927,-2.73326940786289
0.378759310407231,-1.11906997613489,0.921923442454245,0.182715229904366,-0.179377786953958,-1.29442473726014,-0.88841952304096,-0.119519625081331,-2.68274227028003,-2.77896569558012
0.634692246527451,1.43889435968056,-0.1935759013774,0.707714280279488,-0.122114288685341,1.8740103686101,1.52984720079199,-0.415568324726198,0.186776148515361,1.02254834798558
0.0749106528251498,-0.344371108875068,0.0526298320010837,0.356362207574307,-0.188082248435207,-2.71129974787027,-0.49712144402929,0.0373175273588467,0.0782249534146829,-0.76824506408147
-0.532507610782119,-0.0476530971520907,-0.306745481129665,0.598918466034859,0.393969013467825,0.0590502002089105,2.09771349847994,0.630761516110523,0.521201718325171,-0.854747192909446
-0.575772810666415,-0.715955732408374,-1.12129124782722,1.86714385424449,0.721418807520746,-2.15162479428741,0.753842472726041,-0.114480201013095,0.407277357190198,-1.33765003185794
1.10076296982193,0.03087844307373,-0.122631510575233,-0.480833179492053,0.379545081963652,1.1374883598377,0.185458177357456,0.570891535074464,0.0624179432795698,-1.3697618671171
1.51128838826985,1.35653321558591,2.35782178637854,-0.675028647939716,-0.214503012144058,-4.005999975546,1.11717235895266,2.19462005953743,2.18200946568705,-1.09010678091034
0.779509449815915,0.565817072270404,-0.292064178691509,1.66501512044825,0.0716490444208738,-4.08901828902731,2.06338442179827,0.359671673843297,-1.91323615810507,-0.512539654085264
-0.973203003677963,-0.713357482728889,-0.491181662367676,-1.07852939022834,0.652848281269087,1.66784562283243,-0.57469345576334,-1.21385128574197,-0.00699861935048561,0.617377260901692
-0.387880824133328,2.31517130635125,-0.314902535736868,1.37895697393016,0.434321268541176,-1.37241771516584,-1.58487917414331,-0.506785630515307,-1.29724985623202,1.54128889545651
0.0113844673938525,0.434476816280319,0.547248323189999,-0.339743756454551,-1.02396199680212,-1.92525246214487,-1.19492098851989,-2.10450224865516,0.305675836038769,2.62604368097543
-0.839494653992772,0.829365439165556,-0.798293093638653,0.90407437962969,0.149892822954086,-0.307686363745054,0.0679612422076794,0.537439409999131,0.666604108281339,0.918089445073389
-0.701646838736424,0.610160699104587,-0.850182776121217,-1.71657221959135,-0.0497560567281346,2.62222419322139,0.445723935613039,1.0524890074958,-0.289021151088544,1.60115262569246
0.477707383895367,0.324311565241216,-2.07526962811134,0.536272693530412,0.762047249724676,0.695883269361829,0.421412883923998,0.33485808751714,0.135288150003147,1.30284690020306
-0.934624713513293,0.2797538884685,0.105725364730515,0.850643259093658,-0.598328416126821,-0.85402035311095,1.37232335686878,1.78994963461267,1.22704043623466,1.35582942790077
0.535495774784052,-1.56817472315641,-0.397116800734518,-1.43780431963284,-0.0410625102061301,2.38171262167616,-0.144120897466094,0.682544596750904,-0.418997704099315,-3.95792537781926
-0.222631083664191,-0.68758804830732,-0.165564893767272,0.0983318895018422,0.0376057032208821,-0.385761561224741,-0.556581743510138,0.38265268144302,1.19682888283208,-1.47521867458902
0.550933927835268,1.67500123128436,-0.297082985158037,-0.0539418617835458,-0.200264515588277,1.49156092798106,0.484268646123855,1.0473103651823,0.731261681071147,-2.31016558251134
-0.684944668058412,0.524882039084753,0.003378475205363,0.936317938043487,-0.397270783736882,0.533546541824973,-2.15719102329133,0.0952452179275816,1.11851219449879,2.25315817715114
0.273092654657352,-2.44579211448168,0.159209144477031,1.75210064684174,0.277313078890519,-0.802821752771182,-0.735817216301254,0.697265708884347,-0.453220911695647,-3.08814089091504
-0.43826299496281,-0.994605340270923,-0.372633162101605,0.235726479040553,-0.746800559421398,2.0876909990992,2.05122600978125,0.103860867652309,-0.290868239678074,0.771372031806034
-0.360542965223671,1.52646317158271,-0.0237731961023491,0.996063693900962,-1.36569606776009,-0.66315878270316,0.184825094890843,-0.290431819631322,1.81497479310947,-0.224843091849326
-0.49251584575556,0.618220306717631,-1.18985080710027,0.683852558014386,-0.683613668060047,0.490194597986369,1.38761511380576,-0.144745467685762,0.10222881577357,-0.452782303176873
-0.689604937679776,0.563207719044476,-1.01454929784408,-0.306154379472399,0.875329639472187,-0.200863218570784,1.17891747081215,-0.233052285130697,0.177414276149942,1.75361077406498
0.389417976660021,-1.98482473729592,-0.0628836033215363,0.537753308487278,-0.15511209801083,-1.02031715274429,-0.47510972330043,0.0413782848816867,0.594889043552323,-2.87190153953925
-0.0115120409055002,-0.384098561912956,-0.635345101496018,0.834466152020528,-0.476380318276313,-0.219496408756341,0.43159671331534,0.953672141940336,2.379454675283,0.659640727518411
-0.399754916116203,1.2609222534647,-0.328265325597755,-0.674774546153478,-0.6225450529933,1.54623929626155,0.365747269352468,1.1917434338873,0.525353760720359,1.14652274509147
1.05342377049727,-0.207462016110308,0.711499746084035,-1.18375346090481,-0.171041711167608,3.44728554741889,1.34811837893009,0.847366123634803,0.643454702162448,-1.31853796079985
-0.0938468051447506,-0.193160624146398,0.469866080006899,0.0522127971390283,-0.436315488777459,-0.303094630779543,1.10591324883968,-0.382928492096034,0.770572085805195,0.568230902642014
-0.233549932910409,1.66471590456679,-1.38618174503614,-0.0810707942485751,-0.204250212013427,0.32718539282671,0.731233447043589,-0.664038797230833,-0.781492820363811,1.06462753630793
-0.446953541016402,-1.02701258132175,-0.275094282491545,1.34902024805784,1.45037719198375,-1.0246433506276,-0.851577610101978,-0.170394728246812,0.236341508586239,0.989430012941194
1.01112491990005,-1.29968443052256,0.221338023263624,-0.104792699417036,-0.652007933936442,-1.60948100128327,-1.0129897140274,0.00464516465201438,-0.468888444828375,-1.01073972171853
0.178319889431854,-0.563698253471188,-0.628459121033962,0.777651815746476,0.133824886310032,-0.632422192355639,0.565519227034843,-0.447348425150573,-0.566429683288462,1.85993282791601
-0.136524132673834,-1.78184595751094,-0.821010768784438,-0.765818648367283,0.607996678871568,2.2028455755105,0.0248693068629207,0.870048692905263,-0.58723320025351,-1.3578870197076
-0.231328053355622,1.04629513685094,-0.569038482907033,0.701244450413362,0.799529007945129,-1.13422901496395,-2.43106108013617,-1.15354985595497,-0.36982331793209,0.125315806122668
-0.761817747861684,-1.42000749313862,-1.04046768431351,0.286497183481183,-0.931745323357655,-0.615922453106515,-1.63668458388006,0.00770307761054962,-0.632586969390337,0.852475313931608
0.0588326515043437,-0.48612941190233,1.52994578741883,0.705954059273715,0.204596071602579,-0.281008726815013,-0.192234513924934,0.772606142531206,-0.0193349389250454,-1.62971631460226
1.21938201784168,-0.83553650292246,0.478266869895108,-0.642034439626294,-0.867166694206607,0.752735569173249,-0.343595998118491,0.957786918617499,1.02852146410071,-0.711654224135737
-1.15700258196578,1.08130649903118,-1.27073356397437,0.651671692944542,0.514111111586025,0.308757541483079,0.639984860372754,-0.833428058567251,0.12070782204334,1.83666887961226
-0.0681681915047275,1.13553384644725,1.06879515929983,-0.576565263921231,0.792210691874191,1.04784224038239,0.90625388392542,-1.19294585796402,0.378052675176107,-1.15500702156686
0.391099528073355,-0.118566124082616,-0.453589811585027,-0.870638439596056,1.16521527342592,3.14219834780622,0.786275438127812,-0.844175348043936,-0.41409313642454,0.989718425792992
-0.0261028449840729,1.77553994051374,0.725186861624478,-0.392192937860828,-1.32959076547657,-1.12983025952873,0.603183950731746,-1.00457246080866,-3.70049359777656,1.42660774634141
-0.0618761963651063,0.707288066756244,-0.0783645619498036,1.24665141010385,0.0729193577268302,-2.82289258628721,-0.261568638224607,-0.914260871621041,0.341951090164464,0.249286381994569
-0.0784068916475331,-1.81835653052796,1.24756379387666,0.892844992908238,-0.734251207908879,-0.911508403439576,0.342702013324739,0.0619653975166138,-0.136234617923594,-4.12031240199497
-0.681264059933382,-0.146225275930499,-0.0349749609029662,-0.458784201182237,0.94034757367152,0.471111470067135,-0.903851876389793,-0.134687495539292,-2.39021533841182,1.56670748368269
0.637702931135411,-1.0879809401452,0.781024485965744,-1.32822205361151,-0.161226937212698,0.068490119427659,-0.924958288996187,-1.61627652308062,0.725117380055141,-0.723865679967422
-0.487234044172064,-0.179348004563816,0.682912912145699,0.855922685177635,0.0144030221338555,-1.01517824051399,-0.206740789608855,0.597465685103522,0.972740688363856,-0.350302405714686
-1.73822626831251,-0.0595843337358027,-1.76355801797131,0.160860844565582,-0.377456964252876,-0.404393050715508,-0.444923971081226,-1.43813303598213,-1.01676933184777,1.03942322980769
0.439301662548037,2.07922608585981,-0.269367620067956,1.42825761613903,-0.542243422151063,2.07016091106529,0.577406449421429,-1.7103845500513,-1.50461774645242,1.7751176197879
1.25099054330084,-1.81919633014909,0.090795555258065,-0.356506733720831,0.983964705062638,0.600648009335326,-1.74038239919719,-0.599858173673263,-0.738506447735426,-1.56083824823023
0.973405653883151,1.29122762652253,-0.899983249836658,0.714028599185221,1.0633276378461,-0.63513727672551,-0.106149761207331,0.626936525825632,0.204764330731753,-0.100052624054695
0.848823854537482,0.843478468959358,0.313183891375418,0.227743791316782,-1.76119905426515,-0.43210779879728,1.21540955193819,-0.490975859038915,-0.965192736369571,-0.951494272281892
1.37380005895463,1.30086921573246,0.389340672202304,1.04104213703456,-0.300058056948117,-1.91535473922786,2.00103590035646,1.4118865157294,0.641735144063456,-0.845174197688505
0.159689604772624,0.350491918120558,0.643379289018656,0.871549126541749,-0.282697628420913,-0.280232395763149,0.89040534054273,-0.671370978579408,0.0899918950812086,-1.22952434868085
-0.320038646106284,0.253617548918894,-0.693783565384436,1.46690860467418,-0.416145321453136,-0.979994522051799,-0.57850270218046,1.45705534836052,-1.05774684472278,2.09131612891958
0.756658028016539,2.97475443877849,0.0583951594787463,-0.871336109834523,-0.810482476141779,-0.697157008514604,2.13020203443165,0.874031955786884,1.40712467151375,3.39371422923654
1.65465173481194,-1.07704806909361,1.98854846808172,1.20031463327553,-0.0652756874856127,-1.82000094944901,-1.29317473381615,-0.817209448922112,-1.5247204760301,-3.49414885332349
-0.569772840170068,-0.0666912851308927,2.23353234459773,0.488646149849618,-1.39801426640119,-2.30612244435132,1.45690502481663,-0.412330432741529,-1.25923281700022,-1.37335253578727
-0.236218327412818,-2.12809582861047,-0.0350757628861235,-0.0885051712166856,0.110183049699774,0.0487347449590645,0.273569335305677,-0.977594504765734,-0.200690358595249,-0.363855181297891
-0.149500506765958,-1.68834335627218,-0.607764745388197,-0.179548302717695,0.0556640776372953,2.02429414866233,-2.26009836204272,1.04512760736667,-1.23877725991836,0.223270661892562
0.712731054158442,0.245440157359502,1.70158819728784,-0.868137908478789,0.202175124990886,-0.0236743821419815,1.10104798285159,-1.01475358466574,-0.323579792063441,-0.304576854694603
0.550534884019119,0.346870971523605,0.0675729752239423,-2.52986725695786,0.40524165945442,2.68428571644146,0.0786570699983475,0.21255126239931,-0.832770122555826,1.02349643293716
-0.238844495783316,0.563943804024118,-0.314160673591306,0.372207662674164,0.766626975391073,-0.0520648096658613,-0.0651865393629691,1.01439285113604,-1.3911395146417,0.422381970458522
-0.534888127673767,-0.94910622543959,0.52763069048207,-0.215742214537469,-0.29210742010361,-1.65480868139122,1.34613409440921,0.149995544227606,0.0749388586753868,-0.927169333544354
-0.480095758290283,-0.389740034307309,-0.163041535128192,1.51668401947256,0.438399772953168,-1.62907912316239,-0.0920708163908501,-1.08077791046952,-1.54363552370509,-1.14649200965159
0.0593889879693797,-0.0513822291714744,-0.349132937109812,-0.979010730494195,-0.420729585267786,0.504394443516614,-1.77860659269736,0.629599634165337,1.24240303713507,0.802102988119073
-0.0392350487118775,-0.826436172429801,-0.26000816754172,-1.19031955687798,-0.274472260939114,-0.323779573832514,-0.1838799852287,-0.876819620050341,0.211617974366304,1.12171250559575
-0.0505875127360702,0.245960664254046,0.254312762015226,-0.249440405366992,0.428768408861674,-0.622634603963936,-0.39198427930967,-1.26140877415622,-0.388732859865224,0.80641641376205
0.608206082937174,0.18131611703151,0.464641129794828,-1.08623675731745,0.366379507963056,0.153632320157583,-0.685264965942678,-0.611378578258098,-0.656654815367252,-1.28432754495904
0.932886678237826,-0.570633038986114,-0.379850764065757,-1.46569898990774,-1.39478463410646,0.499333100556046,-0.751130864628306,1.03737637542309,-0.212724598829615,-0.394143575923954
1.03123176313697,0.53496285046759,0.768750427529038,2.16016812381798,-0.289356667274343,-1.54261288051462,-1.4751966937413,-1.50032874140257,-1.30128860077328,0.0750345948527769
0.0431029772711717,0.926892169108971,0.266540841645559,-2.25452824605037,-0.26491721379456,2.22171810196333,-1.32075383704557,0.411045862421183,0.579591001338716,1.44924970037398
0.607459846942846,1.07294326340532,-0.0438914035817752,0.52403298225017,-0.803596872473645,-2.48050389015938,0.395906686248453,-0.0265470607848975,0.848909062979848,-1.86933835084174
0.467461851987557,0.292873356309284,0.130754823798275,-0.379224222507341,0.90750809381323,-0.125339863513571,-2.19484662405934,0.435401928367647,-0.798980358783418,-1.20913410141131
0.553948053930854,-1.41887213899031,0.101357108537602,-1.2535972977185,-0.38207924257866,1.50848270284493,1.60133645386291,-0.517614366601128,0.17198508072182,-2.07047755231624
-0.578151574769944,-0.0215311010882078,-2.12055281076465,0.333487159401696,-0.775865437613287,1.70478738864899,-1.04802214208124,-1.73935680718798,-1.03061813330329,3.4138346608072
0.347142188999341,1.60816085951538,2.4634462539666,1.04401803156973,0.181595260829177,-1.97013295415649,0.384881269082471,0.591058588197776,0.559428349594061,-0.900136595099921
0.209826917607176,0.237042773235516,-0.282822570076265,-1.49698894747386,1.11209278622787,1.2017835087607,-0.071921714618472,-1.21381232674466,-1.57225153642587,0.561402811242239
0.237225561972945,-1.00238597012085,-0.871615626779116,-0.865932258259156,-0.523840681820193,2.33128311697335,0.70649589703038,-0.102495280031701,0.814637645257247,-1.723035933797
0.955398624382884,1.35509954318301,0.0778161157343171,0.826225320181925,-0.87947891232435,-2.46948526215378,0.673761440849642,-0.0528612076009966,-0.0822283993329815,0.578470554927524
0.552068895374697,1.36482484455069,-1.13416411994405,-0.233592920699141,-0.144663325871157,0.00951191899236855,-0.00372282200678448,-0.455188972184605,-0.451071439730075,0.450231882581745
0.90960867630098,-0.250138188743493,0.183485651062089,0.277489403007893,-0.876287138907267,2.38780762709681,-2.83263785376474,-1.35208424249435,1.23388012617082,-1.12429661227568
-0.193080248399832,-1.35846121690475,-0.075193170668902,-1.51707260697437,-0.0100756853133256,-0.00936567250300185,-0.946017218859444,0.454921719304481,-0.544389533835735,0.233477793692548
-0.362338666461535,-1.81865904849195,-0.709449823907316,-0.124519317135747,-0.0653753173074988,-1.5008689611501,0.161208153128699,0.182356160695388,1.36295833718893,-0.0830277628852722
-1.22743149392482,1.20340384265206,-0.0556517742449718,-0.155146400626973,-0.820640206153879,0.950077300938849,0.280213015005623,-0.26617317461721,-0.583561629908347,0.884787674944779
0.307269337135399,4.25094825616112,1.94606271784958,-1.29170946497995,-0.639528730507542,-2.83049989872678,-2.80936845624275,-0.364350139974681,-1.05322194768457,1.07187867540531
-1.07154495942828,0.293213593149767,-0.327808704044119,0.962566583850512,-0.741735590718948,-0.640896958943562,-0.409643699572363,0.456035503946628,0.102734776822619,-0.0658434128926726
0.172819820508197,-0.193771409022958,-0.587868631455916,-0.773715796271379,0.264513931315136,2.60302101449962,1.0976927488427,0.367580444319917,0.877009880520649,0.837662832444655
0.335153756886053,-1.91544240771359,0.991738354840332,0.897982968434832,0.774595552002517,-3.299585254181,-1.24003433803794,-2.13652273693091,-1.71170365654018,-4.31329953497795
0.330738578713097,0.489612498193382,0.188984584294034,-1.05192368021304,0.244052649835119,0.028193352329108,1.43001718621433,-1.31713994229714,-0.208433844821644,0.191206851031343
0.480088292545257,0.583454039864309,0.537111036704393,0.771085508561462,0.532808764038279,-0.415195738053152,-0.80991886963402,-1.21068786069688,-2.6136656152773,-0.0216535776636908
-0.173025206517608,0.056513369884913,-0.145859750729229,-1.87391261501603,-0.6223022312328,2.10070860093189,2.08540727487619,1.23370052767927,-0.45762118578016,1.00619160257027
-0.162253656543487,-0.612919506165652,0.0577110439343677,0.699303894697618,0.257595201382865,-1.01482214953393,-1.07831438275967,-0.970848494767797,-0.70977823615207,-0.0544139527421052
-1.02597065506757,3.18020404053515,-0.495466868567228,1.70006859659499,-0.389227916109987,-1.263760561315,0.668057678384843,1.21200735814593,0.886690119218844,-1.02403325366665
0.132233653892848,1.70651100090726,0.82936277186306,0.979568747466949,-0.30763439932578,-0.661706565789209,1.04412250046911,1.51641573557376,2.11741147233791,-0.631929589295535
-0.50480789824169,-1.08308365855668,0.37540692005104,0.649288584736293,0.575269719489103,0.828381759930248,-0.217544711244992,0.0689876655569788,-0.716070569518388,0.987868364096639
0.994893958178896,2.07828124184115,1.14701726878756,2.25221961329273,-1.13966166019544,-3.52497530045472,1.85309068777406,1.50585291028921,0.721513657141587,-0.976727168928047
0.651808675516231,-0.711496400154432,-0.161671616585585,1.18461297900022,-0.414728281525934,-1.62493604737825,-0.763857764248531,0.829384064136054,-0.593890363808968,0.085602560374714
-0.267465284194507,-0.281115808916112,0.616304773118355,1.42261384457232,0.799054171346881,-0.417874564325295,0.56081261364025,1.27583961920807,1.33961779877836,-0.624219831704818
1.13282718723841,-1.13815774740409,0.902756497629816,-1.15613549572817,0.321200030597285,-1.6981209384281,0.976804182714625,-0.892053913166419,-0.621392326279692,-2.5026930693217
-0.223525447805316,0.388951895563062,-1.23995543187793,0.303622776205819,-0.306007735535915,1.6577979515493,1.92662129344959,0.410549000247878,0.971157904083089,-0.471916396198288
-1.00807941995196,0.334000202258253,-0.687632325984015,-0.623375598114726,0.627731171626667,0.121390501100266,-0.0650978527257461,-0.327409364070633,-0.662752311581976,-1.45231506437806
-0.968083151657256,1.46211423250146,-1.13385329150517,-0.00628105612286185,-0.732608839657673,0.528312924686298,1.50457494711549,0.119749879027234,-0.140554344302236,2.83471302747538
-0.352794300345457,-1.09264915252708,0.247124172111947,1.55386195016392,-0.522745859624778,-0.524660686815665,1.20063929465365,0.356712046613918,0.670030223431135,0.0319619782561745
-0.52967332554343,0.72321607860134,-1.64326981655925,-1.34052082601089,0.635870966476467,1.4345511074465,1.38086118903494,-0.00215970001188361,-1.56310434622056,2.29047305380111
-0.883575398543208,1.12325217924958,-1.46857305328232,1.36204226358324,-0.19694047720984,0.798355176210792,-1.16999654322613,0.269218402599212,-0.813687602643247,4.16277104155751
-1.21834016338181,-2.40486592928813,1.0515449539335,0.125781822917293,-1.01237960903054,-3.04275467271404,0.125103396634558,0.568260515696889,1.71126129455455,-3.29334555775256
0.584315033398867,0.238449918831499,0.355167486736586,-0.274713672847924,0.404955407517553,-0.782532116574784,-1.51716860716505,0.151559652788567,-1.01185397558495,0.273986859051986
0.577339082775365,0.57377612081279,-0.5767826141172,0.181339050065245,2.00910041844251,-0.993673506403327,-0.879068893492719,0.868038379837697,-0.734206485502551,-0.136061930802007
-0.00651343406682315,0.48225597674814,-0.0729236209838245,-3.01058548218111,0.974041089046175,1.52959859490068,-0.363894338826315,1.16451258752319,0.795688671215247,1.20839231166264
-0.280699645252556,0.734663316365116,0.216084368827583,1.93803834980815,-1.22999862570092,-0.085156762337956,-0.739475476830012,0.119435460526755,1.22898437294803,0.72266672057365
-1.56628801313928,0.921530197288789,-0.700201046849154,-0.806622824590954,-0.58616747231252,1.08448101362292,1.27880837677503,0.836006452983345,0.76014111590315,0.618755761808427
-0.148859665419006,0.983368372228754,-1.91355053907075,-0.314623262832767,-1.7364510283103,-0.144799988736137,0.603036093954187,-2.63117890717661,-2.59106093644463,1.9862283160251
-0.195724707842043,-2.77626959749873,0.709590179913047,-0.691046409932331,-0.565394050828008,-0.20508452105129,0.130154387733071,-1.94265772125987,-2.45810470666539,-3.12218700664119
-0.278094922536233,0.246094043250316,1.11071426330375,-0.635258533663197,0.832738038092845,-0.0664912071564402,-1.70354608851434,-0.340873516093306,0.470772382523674,-1.98249376838109
-0.263504768589508,-1.63972627055598,-0.836674743535779,0.488865607439046,0.644255907656162,0.234206560484753,0.256236110349854,0.256476470209669,0.4337757643794,-0.393162164608688
-0.129782802810882,-0.315901010961554,-0.495727292190641,0.421312002376032,0.508854152741853,0.0832919194625862,-0.122136504977191,-1.31060683111488,-1.66372104016601,0.544616356910224
-0.969390698834285,-1.05617530881767,-0.884223989346394,-1.17937084559959,0.973681333775377,0.734088434449939,-3.62741468280428,0.193608084883494,-2.12581680889,-0.786272806032978
0.353755729641281,-2.78514655915712,0.26093634365485,1.63312226880327,0.170816730383895,-2.03112379453776,3.63784462891203,0.277854163058371,-0.438268974602332,-0.99728699721746
0.0869904336824544,1.34051550155505,-1.07585353458179,0.431243790306829,-0.489838715361611,1.01712498385424,-0.926475237237056,-0.362072383329444,-2.99950133402831,2.40497551625954
-0.957687770280015,-1.65423373383229,-0.60774884713679,0.470042009882041,1.06007103473808,0.0699108801325906,-0.641119920773638,0.697718408574415,-0.429729048441826,0.264450568844862
1.09973443306545,-2.4879364818285,-0.160026598671807,-0.513627948591536,0.109043851257062,0.792266576549039,1.90614970284804,-0.663745024786896,1.10305169665671,-2.4006389519389
-0.730398704332111,1.30214402247596,-1.34240853135514,-0.916242367692725,-0.193353811371995,2.61363764440893,1.42430231254851,1.99187260722111,1.5688264482742,0.458638244544417
-0.257278541577867,0.987578143489622,1.43490951058184,0.327650182587076,-0.870704048577571,-1.84589595684197,0.577849879449963,-0.335029579890352,1.64966037931272,-0.174851778961405
-1.14751242950575,3.19558219476517,-0.444995290859603,1.16077770308632,-1.62559567473929,1.06949913734947,-0.94379259446886,-0.877282698641674,-0.522899557194215,2.34830312110609
-0.461840330762241,0.348772680737763,-0.0196154125901621,-0.0979529714231616,-0.23953325002467,2.62014752642487,-1.57900968839744,0.232421340126352,1.79258284728685,-0.235503362400993
0.179631252877511,-0.572614488885943,0.530777140337883,-0.0437398085301221,0.677276885533122,-0.226939908135673,1.14812837258807,-2.10984674977184,-1.07707669966991,0.00907765939208077
0.486008450204737,-1.22710561617227,-0.404654260867633,0.809074820488213,-0.485519232858245,-2.75127645570763,0.220043938295557,-0.868051319684785,-2.35598841942185,-1.40710995840494
-1.06480804613832,-1.82790173958176,-1.12378381369255,-0.368869071991262,-0.343110217031253,2.03986054493522,0.348033453369868,-0.594827637667181,1.14325815425927,0.45536809612604
-0.16444947017838,-0.00399569634216803,0.360600027386915,-0.657129392986426,-0.744563420707054,-1.15793277738929,0.236622910373343,1.91687462206691,1.12283641906795,-2.47599315696219
0.665512868022233,0.467090376971424,-0.757505419266629,-0.211803931380023,-0.335222630149705,2.28951977262269,-1.74700355195959,0.0599709775047803,-0.449914719019893,0.872762628532849
-0.592841213661112,0.456088084139082,-1.12374759119048,0.857769777086988,0.40580648907478,0.604858042682189,0.254861507273393,1.00923228421275,1.13853620651487,0.345369573739601
-0.475200351471039,1.03896384549749,0.18364890418497,-1.59757112943276,0.929531700388658,2.64085209208296,2.09159547880863,0.313745317231997,0.00748191041073224,0.318298432907929
-0.482422086488184,-2.37409497892063,-0.0440492868365977,-1.74797731320746,-0.457558603650589,-0.11803352081634,0.35453733551564,0.368524586103206,1.61122184248668,-2.47188657603833
-0.58134147441976,-0.695409706342707,1.05678313645434,-0.493096519997365,-0.133907875436161,-0.625655015894671,-0.913115488015347,0.542664681359419,-1.04186758563837,-0.982894207461052
0.356771676956852,-1.01922084188202,-0.33225727512644,-1.01426787276751,0.169186904740869,1.16120517618776,0.50134333224259,0.13331471216067,-0.235918019879747,-2.01138457463596
0.359708884101633,-1.14942381623764,0.0890868097690298,-0.483552098391571,0.199814903823645,-0.684530386912265,-1.05492065763628,2.0672772382397,2.25693781300257,-0.607303037269168
-0.0241113051788257,-0.856141477467566,-0.361738402167306,-2.35368494994905,-1.39547278988556,2.02030522914379,-0.441904194693001,0.147042285560488,0.0347486605843115,0.054595671654792
1.04752988993055,0.186650815185921,0.216532274170802,-0.727971509155213,0.515939575866872,1.89400455518007,0.8299926333709,0.255911894876325,0.516678520602674,-1.82340538777383
0.660961133311059,-0.104542271820158,0.356142225244956,-0.0444967068519426,-0.841373067085937,-0.466275119781888,-3.73434053495497,-0.531046457584193,-0.0122916276284742,-2.08121631163528
-0.400316844994683,0.0371139626692843,-0.787326930308932,2.41332526302951,1.41903741035338,-1.71177007376338,-0.675730534548351,0.203161842270438,-0.629811897148603,0.29330163488474
0.0585619712235428,-1.09803111826302,0.188326752755444,-0.540098456535547,0.859741296443083,-0.217026359602906,-0.467486400151824,-1.9569480315704,-0.689294308402565,-1.90198736566576
0.675650303706039,-0.636045631775643,0.41834470324029,-0.906728440877386,0.190378954415378,1.08508977489398,1.38302993439771,-0.597690269024879,-2.29822866227404,-0.670683771829612
0.202727071095549,-0.464540368926638,-0.13325553805574,-1.29537931013705,-0.13340720476605,-0.515005401968622,0.961906088136003,1.11001922972092,0.281359893863606,-1.30216000680882
-0.766353777556827,1.87718035005552,0.0988901180227,1.58405973555176,-0.548366376212859,-3.95183459496355,-0.756659680158225,-0.514882120668583,1.59557086065551,2.49302299737612
-0.136587218616981,-0.665505663805707,-0.713102497130102,-0.927674731814788,-0.295591680054997,1.43890089850456,2.27176077863352,1.11588291523063,0.79242222200004,0.0405565138513015
0.358951822655604,0.0826862109597508,0.646705553942225,1.24240104517158,1.22971141491987,-0.91063093200542,-0.0626239046520945,0.312045119820423,0.119954064481322,0.147270190398875
0.6055198965279,0.0621610058599126,1.74596467736198,-0.587917671539868,-0.192988377874428,-0.277876824091554,0.785718629211051,0.358721975119425,-0.0569250414807337,-1.28219072365504
-0.952161555373503,1.84240123670308,-0.115445445303982,0.906013787273526,0.848091455486848,-0.867355310171596,1.00058939876992,0.958075221611302,1.48510898965752,1.01093958550795
0.439960908255219,-0.555745758791186,0.307454924002739,0.633526068421659,-1.35688468370859,-0.0919311934119402,1.17901589933958,0.863990720488547,0.479514451641221,0.544978735464884
0.388232900435872,-1.28328374451385,0.593631152658927,1.4867480088117,0.992385543085188,-1.91221240499162,2.19866141486038,0.776194688489117,1.05881649765103,-0.86031561818224
-0.780489012040221,0.655532283004757,-0.170129557428568,-1.75833558170156,1.11141732262921,0.338943145127933,0.0441350048694201,2.15360365187509,2.32955706593469,0.796061746003338
0.111759753141298,0.783862876884581,1.38367906691273,0.129799685801339,-1.03956783413538,-3.03100981143701,-0.541898058723914,1.88549841025392,0.494797787147185,0.292485355795312
0.162406384429584,-1.68960970075653,0.504927639392947,-0.845749583845137,-1.18773924018605,-0.738859180852316,0.314442606598666,-1.50020000705393,-0.788455463279096,-0.278787579198676
-1.51570226971076,0.593815181285055,-0.671220737326792,0.59100396085627,0.900986867663736,-2.17518230566565,0.648721974038877,0.964019674507513,1.41366912636329,-0.302375139066903
1.07025145215776,-1.59527285764512,0.288716926889676,-1.04748549937025,0.837376445988234,-0.45019269675261,-1.12933634465676,0.436587296061071,1.26617850994904,-1.79160914687262
-1.57380112625517,-0.229752210622669,-0.0695210774374424,-0.0452064267384174,1.40194243592261,-0.729213523223261,-2.90318524764146,0.701349790081136,1.0508210661028,0.523321143713179
1.00198243342987,-0.535149172025052,0.894455789493243,-1.48770552399448,-0.540001718806139,1.44020668299265,2.48217189907729,0.720769582767836,-1.38037305259896,-2.83723609860177
2.02691279200794,-1.10390690512122,2.05442466600717,-1.38453943304774,0.107878011747314,-1.27540849129883,-1.83529097062959,-0.422541918702374,0.546459998381933,-2.55965591200873
-0.114010333248622,0.836656934631143,0.372342515999984,2.76784958853302,-0.194948133822133,-3.67192908392633,-0.327049677599308,-0.0585152488803235,0.294082708027945,-0.579708675970028
-0.304372482318572,1.10493915530871,-0.0741208283037999,0.228952489830632,-0.00392156277032967,1.58090693383499,-0.988003278735632,1.53415862243811,1.88052215664596,0.464719194424818
0.691172582829993,1.67491529089635,0.142068752299248,1.62238060187095,-0.15832903841005,-2.02929138679564,0.498129852123483,0.00684660049118161,-1.37814751206762,2.36069353863298
1.55496676107291,1.17914669162275,1.34580516391046,1.16032668890107,-0.581821523588632,-1.42659685121217,-0.288890568187388,1.87430625989149,1.54920319170923,-1.42579865317389
0.391237610317507,-0.363542018199595,-0.2174224651617,2.02309414048873,0.272252400452745,1.40754533421424,-0.759315946477246,1.41517721572127,1.34673965016339,0.680280727376898
0.555987250622113,-1.01425911906703,0.990022383116125,0.237278724256516,0.412888039761455,1.19157922703486,0.62519023646403,1.91881792462109,1.53682192860017,-1.57383119265947
0.0990393001541907,0.70214264410617,0.0192981236836792,-0.32870942525484,0.802090159731201,-0.54526504440917,0.514172659669411,1.25945329416678,-0.603620965660873,2.19186312919663
0.302250471878397,-0.639688506963906,0.860765438320222,-0.557972905598513,0.444026263518146,0.159106511858488,0.784797325627368,-2.54682407595122,-1.10133741528509,-1.01796195258827
-0.728131387805693,-1.85517785476781,-1.80369594384513,2.21103090265825,1.52631776845676,-0.892321168343408,0.747350794649673,0.292072388205392,0.360262545809145,0.399070662250736
-0.143351725190307,0.735282629828019,-0.633081905141204,1.81940355793329,-1.74624304709824,-2.62605180839801,1.98104661333307,-0.62643574821874,0.587463618072798,0.303849135007121
-0.194122024456841,-0.734246400365904,-1.37299572539581,-0.81454850414,0.251203550006511,1.82860552816205,0.264531859431773,0.0891318823350613,0.561032340339279,1.40604216902904
0.382704791328366,-1.16160426032403,0.0718813534161204,-0.329661179194083,-0.528858999562429,-0.753276025361272,-1.13578639758919,-1.33622093189622,-0.512098335779269,-0.722356299338211
-0.0820955794921548,0.868489655311696,0.499545889179709,0.781364598267215,-0.371548790027089,-0.670831088503074,2.37419373960307,0.390686309589951,0.440831700501353,0.554833629361616
-0.0372360491566436,0.209421170899506,-0.643432355078423,0.687984256553515,0.635016854318976,-1.65753235687252,0.840348639661089,0.671648902009755,0.731564590749398,0.834505882210255
0.828479852980586,-0.483862650397496,1.57762836819054,0.883450155784218,-1.29775320570829,0.611866472355173,1.8628582971659,-0.315688603620067,-1.35115085005146,-1.07156863264207
-0.889686442539187,0.58522219471834,-0.395120508355527,-0.259462670039084,0.182186166895429,0.546922682086055,-0.708349425363903,-0.628924684512395,-0.0539796085224843,3.12992868569585
0.16669010957473,2.40514741260472,-0.456404724173917,-1.11253956679317,0.599110543927107,-0.902094136647609,-0.45614341804672,-0.978716682659002,0.381885611429168,2.9564522774718
-0.764924197810989,-0.582716111531978,0.126931421849409,-0.951115921193652,0.332196028559938,0.238424665762832,1.25210611554603,0.347239035127957,-0.246019196864389,0.634905993946777
-0.826178178883574,-1.21655820081905,-0.843796133189143,0.0307287664749367,-1.06917907491951,2.7919588846839,-0.929989218943748,0.185204551922518,-0.0997919809500549,0.0583855750516537
-0.236654894309251,-0.754083420693527,-0.160711204373866,-1.27708200883297,-0.869843788067149,1.83561245814997,0.923590106094752,-0.199480182812636,-1.22277993526376,1.46478748924858
-0.042547570657061,0.370810300781638,-0.31202254468937,-0.597548905474877,-0.206549007412016,1.14729751163384,0.213393857847563,1.30065542580486,1.6327729214297,1.76021774176004
1.26753284229508,-2.59989079725792,1.18286428343884,-0.877682732732172,0.322540855416975,-0.131361701419556,-0.821023025445505,0.858057152185177,0.660210341091299,-2.52298436320578
0.204416882860498,1.35701415372999,-0.00322103606364384,0.0149118443590241,0.267990608842653,-0.771273054318493,0.555681272592101,0.177892115647189,0.697206665870508,1.41222464591233
-0.0228005351010855,-0.221471424457473,-0.295611891089674,-0.58891254664107,0.976144776638788,1.57354479474864,-0.246517285807427,-1.03237890051673,0.71322105274921,1.48122722305161
-0.240169454728341,-0.16110566153277,-0.580363863206362,-0.357733188590395,-1.00740242129715,1.34632839660297,0.512453506495949,-0.552328725187399,0.0470981938408762,1.49197428264744
-0.482008789371635,-0.214263807934361,-0.690549269708503,-0.501096510323738,-0.687193816066745,2.59614915975886,0.121257161719712,1.00532534552562,0.626305989818348,1.29973845514723
-0.594204256417495,1.36271954006803,-0.869975644741531,-0.109310391166118,-0.384257566316703,1.10817385609244,0.988571863889884,-0.363337399178543,0.788950995427765,1.06056800259414
-0.136541943498531,1.37778856603455,1.46572978644543,1.28257475192228,0.306623023560054,-1.78749382307365,-0.58104516074425,-0.639284202966031,-0.197135593413637,-0.142442349758164
-0.972205723712747,-0.684208097871221,-0.887411166611326,0.447328286329282,-0.0047475244825636,1.43527498695864,0.127223401473168,-0.661214489405315,-0.328525955262338,1.60657203455693
-0.771326407716116,2.21634830482804,-0.0788416088833156,-2.38733224265558,-0.722960237196361,1.84840792722669,-2.328666425682,-1.55634363925773,0.578905976780639,0.514113520959144
0.10625651077963,0.0682949056357638,0.723458088330589,-0.687143475726426,0.503016028266666,-0.749375268250695,0.89659668896633,0.769830450940211,1.88559848033819,0.644729520971044
-0.00231873256018912,-1.83130185070971,0.48060529898497,0.0597847310222292,-0.752327231834328,-1.57509288812213,0.485180183014693,1.15913872929663,1.48133362667804,0.688986026804756
0.428868536441236,-0.513457854252711,-0.0309720044325988,-0.16204766761704,0.0502354860115214,-0.627034543326461,-1.60764084447349,-0.52489804159201,1.13193579683297,-0.934026880932405
0.309657448723263,2.05930221033192,-0.927818722444845,0.410570226240608,0.62806284171055,-0.328412837082764,0.763786928362452,0.261169656039596,-0.293376811427821,1.18478886919516
-0.36615787949593,-0.0750469684290454,-0.654466300763696,1.40253965308474,-1.03196711457319,-0.782345029962324,0.0876482625283536,-1.77337657845955,-1.79199769712508,-1.24968607448256
1.53562025831131,0.185371725676274,0.839043122987061,-1.27385307480822,1.21612610713673,-1.01963902737128,-1.32318076931149,-0.97486208399929,-1.82808885640413,-1.70770978811689
-1.52562273475153,-0.681206050994214,-0.174103169458651,-0.230012393711948,-0.356080696207035,1.00918902965528,-0.115709916042063,1.38592231901317,1.27594530210217,-0.889534257417056
0.904139346066349,1.8462290707262,1.01794439568917,3.20156173500787,-1.64555607178066,-1.62091489744726,-0.619147549702078,0.351456208736622,-0.263888497060558,2.16365779058276
0.480148678912318,-0.255735352091103,-0.773713569784086,0.347986953685496,-0.0479914052447105,-0.208632472794373,0.551017090819714,0.403970341906199,0.186348658742905,-1.87133074686286
0.346390935099463,-0.220682754710418,0.0123194888801943,0.192640266583135,0.520512252127179,-2.15748914068501,1.18795005064497,3.44735303051154,2.65012103594577,1.62338340815287
-0.131144378847169,-3.01589380293892,-0.143972933039633,-0.977925550536809,0.597608662026915,0.670860661155341,-1.10897526470789,0.24634716455949,-0.593155125293752,-0.833632746981178
0.167113971153899,0.0322813485721036,0.362953933976099,0.0485914388160541,-0.515454088934506,0.7699607386199,1.13481985078513,-0.4214716552511,-0.735823655552431,0.610031404168037
-0.241128604862518,-1.28838759239361,-0.42976257605891,1.04274101663231,-0.744880076297768,0.856424022460676,-0.448539602032709,0.753236400800016,0.971276599704896,0.502822124952662
-0.37092413960242,-0.738650110303545,0.786977087147996,-1.28206147126513,-0.366109008965233,2.1628838524417,2.14696300129421,-1.20455708042087,-0.597633011150652,0.506005148131912
0.555077224813591,1.96191920860158,-0.206839865446998,-0.703205422241418,0.5017042223818,2.37994445385745,0.520274939021752,-0.828630240806515,0.0316377962753837,2.89133806516917
0.808939230351661,-1.35375490831841,0.732738691651747,-0.299029129440613,0.214464081126701,-2.1644776068411,-0.70376598629716,-1.32687511131943,-1.71601803763207,-1.25332266104109
0.787217935232263,-0.785227370252005,0.908700481366185,-1.19410726579445,0.158675304861472,-1.16449141307129,-0.744045684614632,-0.721429187972433,-0.135678254136901,-0.407611793495309
-0.291830044366841,1.5052456474973,-0.789278417039272,1.93467697317193,0.119184716893761,-1.96410125594114,0.0803367595950541,0.564815370300664,0.421902968543512,2.55992631587068
0.687186299954748,1.44512521779058,0.731780128836475,-0.963227156775892,-1.02353218154875,-0.12093744537507,0.61990438661827,0.436946608982624,0.65255021339238,-0.835816715442499
1.40798257498373,0.447663520429847,1.61762310570968,0.309419992326238,0.348095814026794,-2.80481026808468,0.681901480360551,-0.476680750440843,-0.647863248843839,-1.55098774367082
-0.18131971759117,-2.10409606242355,-0.403792859232193,0.278779501924683,1.03086626850603,0.141444580119242,1.51307941584305,-0.112482623885044,-0.246888236736667,0.0148442680053684
-1.71817667341776,-0.348689530054397,-1.37562192023688,0.927687583239516,-0.52127197262875,0.102093302301727,-0.226903422810789,0.770320698539674,0.165777313518189,1.93945059634529
-0.412309138776915,-1.65553562857567,-0.892651287891732,1.13721130860262,-0.155706735471993,0.437746219056591,0.569161162549288,0.570939200231395,-0.542315551935538,1.77835186498047
-0.404701893028237,0.568706194084816,0.339912904713086,0.499306570777624,0.357126201309344,-0.67274783643529,-0.241034134764791,-2.72351306262299,-2.38068323522199,0.187193637032267
1.75772146426301,-2.18123014424997,1.85523838139791,1.86043469352441,0.637965659095489,-1.92285455098877,-1.98973420420424,0.96783276837918,0.311274504650422,-4.43668382570265
0.361189045291059,-0.469354893967694,0.98767039794808,-0.67222466219972,0.640375283584235,-0.311711216311442,-0.583270923144466,2.23506408312339,0.251318066588262,-0.811905271716907
0.763151666975472,-0.0777268303816685,1.00335851466681,-0.0357862084998467,0.776559789758225,-2.15105690594296,-0.284195358745236,0.023292235813479,-0.451341337471184,-1.39818069000265
-0.686072809236869,-0.179543797142564,-0.557277459706504,-0.444100198890806,-0.24577710581774,1.44425348070142,1.42402306735348,-0.406667078595845,-0.117637314318179,1.04498421130263
0.187295756715926,2.84254835370998,0.998908997497216,0.72820334373163,0.259251943009217,-1.92308274480158,0.257100018058256,0.194183027651263,0.980028447334874,0.754768395976492
-0.409815735821336,2.28477789603375,-1.25014497064146,-1.8479193745654,0.322185209193571,2.96085774282559,1.00992290741557,-1.29753899398095,-1.00603586651979,1.56339340929047
-0.131302141678072,-0.629099701104188,0.226510971359811,1.37496348294046,-0.211226075752191,-1.8004270558196,-0.822628391645891,-2.76300976303895,-2.95866303022901,0.103201704669642
-0.42774778009167,1.31503465991596,-1.06453537571549,0.778652565165039,-0.481119590470537,-2.72799002272541,-2.4333930518143,-1.39939884644636,-1.47524147594772,-1.34559753629333
-0.251861288276419,-0.22057046440752,0.179488125466229,-0.895404817098134,1.03086261714894,1.89796985121386,-0.68102019806672,0.379369796900764,-0.40923449912796,-0.945035214651736
0.309852793678998,1.58101862286121,0.972336662418567,-2.64083655303501,0.3600590976417,2.209915156247,-0.0672072671331493,-0.381846546483034,-0.0236664492943158,0.351374338665697
-0.188918895436012,-1.3709913221538,0.207244421252286,0.117234559901241,1.51444146970922,-1.23417750370556,0.095678371435625,-1.15798919980115,-1.11980772737994,-0.443739871788734
-0.879665233491684,-0.721585740402178,-1.3404417808231,-1.21423894191353,0.899745186001717,1.88240635927888,-0.137743646784507,-0.272216291362854,-0.65235942487025,0.219428378479337
-0.53206678317777,0.369865473792036,-0.946554198334311,0.898568901745885,-0.96294436947452,-2.27747671771546,-0.85399634717257,-1.16053130616977,-2.13301578372707,0.0500327323788639
0.726703218457199,1.48847764101502,0.227940266481919,-0.822568574921637,1.83661290262196,2.4889908097882,1.26773821625798,0.49982104982671,0.517535123657313,0.752924337449735
-0.216505881461579,0.0372335035538665,0.54963792219761,-1.15029838271383,0.0334926986371472,-0.39361331754102,-1.77210861941893,-1.86006850355862,-2.68652235950121,-0.403284596186007
-0.1652708701175,-1.45956741224948,0.0557822733422963,-0.0622329933521724,0.907484172288894,0.549771349695377,2.28789919376033,2.08315057329554,1.83513934992312,0.0138316640858838
0.0770846987365422,0.291596959306466,1.00917297632297,-0.0884772970811577,-0.095996538310064,-2.79186234797227,0.318866105789884,1.26768781187298,-0.473746179069515,-1.79090391439757
0.530795688280948,-0.595915963502746,0.596207457675118,0.914927712722646,0.509317754725992,-1.80156806385674,2.05453438793967,0.138564901297952,0.750878739512229,-1.3200554030973
-0.230406807505744,-0.00425280246244886,0.81451088023049,-2.17709174625667,-1.10991276838001,0.955548698865881,0.597219787634063,-1.34808821811653,-1.82803757534189,-0.832057281835354
0.620078378933429,-0.954544155132801,-0.509226489802731,0.399982484094525,-0.0794674680707378,0.710174344403942,-0.996218064801365,0.453453873382062,-0.791254734653799,-2.54321588088081
0.33962566419523,-0.779041556670277,1.06031214449836,-0.345675731419886,0.466242872485741,1.65060558814448,2.33515753818003,-0.893925070370205,2.5133021908364,-0.642308306251329
-1.37752419498501,1.53974119757208,-1.20143819518894,-0.547629680201247,-0.858381312396468,1.2452351752358,-0.159469365721447,0.086303493079586,-0.100825451029119,2.7353447479615
0.642574261151128,-1.88637415011057,0.535995879809711,1.55662632482673,1.33932876932126,-3.42626454548653,-0.70094389441209,-0.899095697847697,-0.841087759759286,-1.90797633880899
-1.15239797047896,-1.93097537034298,-0.505306667337514,0.924647373851289,0.00550314405042384,-0.112588715673863,-0.765721300297882,-0.156126340219714,-1.67434791475069,1.44752005238735
0.390516149765176,-1.04560453665192,0.918362314931413,-1.40120319259636,0.146577651891916,1.1462949550085,-1.48713015189212,-0.89388475868129,-0.423485761809254,0.143387492101668
-0.198731201185362,-1.3926536746895,-0.44892422630089,-0.0611961553256998,0.962534625989403,-2.48856282307897,-1.86063717094305,0.513956350701924,-1.26792047166258,-1.99616803040156
-0.186059519931247,3.08830186039239,-0.411775512754615,-0.27159396268851,-0.283820153578459,0.562857146001767,-2.3177529697689,-0.173386041830213,-1.39217778628656,1.72747666832285
0.685611926177828,-1.75634393377293,0.331340942813831,-0.225051460335904,-0.493224597018347,1.23402671620772,-0.187010522453651,0.0701338261961089,2.15896185833562,-1.89921121881269
0.431110675574994,0.723103177632926,-0.32854382937327,-0.467602356063535,0.935854114347541,1.20361644575597,1.77273734626939,-1.68412835089593,0.233208272869182,-1.88682971643332
1.05007018797228,-0.433007316776076,0.52062748534676,-0.373022397774127,2.08340315216104,-0.271908858237037,-0.0915342408981881,-0.301615430036949,-1.0283606051435,-3.33257543782994
-0.828049198132727,-0.116438310442692,0.639650105561903,2.09846837033011,-0.878205456191871,-2.71591083624999,-0.0989069539647643,1.24627452823574,-0.573718872103794,-2.5108427348672
-0.405365704170675,-2.18338975034813,-0.647266974726912,-2.01215926006544,0.407473887799332,3.17847491118386,-2.3781123886958,-1.1013488486639,-0.699474001707072,1.42270367673409
0.0561652408198205,0.62611045880073,-0.98188746518106,-0.600609647474439,0.0165090381265698,2.28423896739184,-1.35771535411331,0.41216137453456,1.68702982513167,1.895762856397
0.435946082146896,0.554713301364979,-0.381796067886643,0.208987759706005,1.3113636729045,1.158096413386,0.289084603742134,-2.19997183845796,-2.19155892588364,1.7967048315976
1.09141774741919,2.29405953672169,0.412519369278823,0.547811630510811,0.497990449537888,-1.8430109148658,0.29490319256764,2.14291102070815,0.521813750083175,1.44763005058587
0.913501974311657,1.30317003530854,0.257685929267513,2.04787322818545,0.18873304427111,-1.69181342168181,3.18166210857018,-0.661871381720264,0.475336599696637,0.401550927992626
0.364636465808042,-1.36920587605952,-0.504924865335528,-1.23561300933488,0.0844589714255532,0.847724891313496,0.252834911548307,-0.818715344570711,0.219580792390947,-2.24513656643791
0.510029756870483,0.253584067343108,-0.464499690809151,-2.29310170462246,0.522479884078028,3.3099430507871,0.264787284908297,-0.157041660170813,1.82787169738156,-2.50521423589404
-0.974140446673068,-0.246526258407797,0.702587741183849,0.771518921906722,0.218726519513793,-2.42196074552843,0.166963602080885,1.48975229411048,1.98189869919064,0.00184237753964406
0.0831830021180885,-2.17614155382607,-0.419601202718111,-0.736087364146925,0.272957831287729,-0.240844737556834,0.446722197969757,-0.902369066979867,1.09133280809126,-1.02197751605331
-0.0532558800337835,-2.14504706235934,0.171901524385144,0.272363085447945,1.05513190424375,1.46612624565139,-0.481503101602881,1.47541920560545,1.20024310480333,-1.26649719481055
-0.768474653575209,-0.365106715648308,-2.08381936598339,1.28946228256779,-0.343837835233592,1.53704190239601,0.773196469591721,-1.0143486887274,0.49587836762715,-0.240325900709708
-0.658420616383428,0.983590128434386,0.575356188395818,-0.62794480475328,0.601735334686229,1.28540056755805,2.30280906529116,-0.148962289100463,-0.911221942201375,1.66980133351375
-0.0831001832564901,-1.26610273373086,0.957087837838679,0.770527561561429,1.13044580812102,-1.98218002511327,-0.265351251605737,-2.54816964341052,0.0176837417346175,-2.41499506916147
-0.703775171946065,0.831643169240654,-1.35951307576287,1.78879517794508,0.0637097784045517,-1.42897495076022,-0.00815753807051585,-0.554407131833826,0.75310647366738,3.30192138815272
-0.358772089761016,0.309031900858611,0.489477809903474,-0.0577984056852407,-0.47986097769209,-1.24847014529404,0.773266648649894,1.17944373535301,1.98888210946432,-0.981709447955857
0.911695351009079,0.801246576752618,0.0254923854470749,1.55838102669038,0.263836533357621,1.21363453951997,0.240153013341402,-1.35309177328005,-0.110383244276596,-1.30445181197977
-0.278400063289524,2.28607610589459,-1.39762575159265,-0.765000659573109,-1.71731345555938,0.327864896438603,0.46481803908616,-0.156601919330422,0.994428231074892,3.44090872431847
-0.0708576655348477,1.12843757796355,0.512464223520846,-0.373215161607979,-0.774241002940213,1.2134755454905,-1.07578278952248,1.45769219308485,0.121638314774454,-0.0185449477236027
0.774268385214289,-0.380317668215123,-1.33502646182561,0.0760409798142397,-1.87074997182995,0.43926478749695,-1.8178451507921,1.82052209410947,1.08539146707503,-2.71568413696972
-0.479498130262055,0.0336582068678508,-0.541505599634599,1.42380240838869,-0.689134930162422,-0.171361850131838,-0.423039617818757,-0.525966985287201,1.61567321438455,-0.169422550510868
-0.209431456376988,-0.937738766866767,0.84363341197467,0.991491932663738,0.242984647199126,-0.347089183651375,1.10352712074215,0.204039062824856,-1.58262542917295,0.149871054932051
-0.0804702468741601,-1.17790126723513,-0.699108651043707,0.621867980159879,-0.447208513020974,1.0305200796508,-0.205522282144129,1.03056269344027,-0.260382664692184,-0.062036642208909
0.210460301098293,-0.70755802180696,0.610124964601749,1.44635356043083,-1.09174226785834,-2.25211515950135,-0.657079736336874,-0.55744242257131,-0.799890870356981,-1.36381717464597
-2.48707947166802,-1.1247878149147,-2.50440032748539,0.640147145228945,0.455463857740486,0.429002152107254,0.57994165572067,1.09155703006999,1.7116680140277,1.96210992243812
-0.61074801110851,-0.465614208717825,-1.1774874713984,2.01571824285511,-0.25630747274168,-1.63509036539341,0.180718871038876,2.48344882419691,1.42464566927944,0.399896000036691
-0.0788562663045524,-1.02287690787881,-1.866808347959,0.188095349766176,0.121216530759492,2.81487105361861,3.50218329880789,1.15397100259675,-0.185557017889618,1.36688577780986
-0.721023100315776,1.37476722983548,-1.15926052709989,-0.49312588780369,-0.23092599331667,0.92780195396185,0.757369174119772,0.0201700747308657,-1.2826408846432,2.41787749756195
0.80795198518192,0.86886483539349,0.164507440865853,0.407794146758987,-0.792627866818782,-2.47539685114338,0.509052714215565,-1.6605905217843,-0.349264863827231,-0.791607040735567
0.278336318128934,-0.552140729102598,-0.0443407713056401,1.56739999360045,0.880608947404044,-0.841367168632062,1.98601123573051,-1.23979890897291,-0.153583006419724,-1.02310254989286
-0.234593774424435,0.752056477902194,0.20412620997736,0.304873628864185,-0.819725034594139,1.18698025986749,-2.11860784438275,0.222415651014397,1.24131085927364,0.723182269651236
-0.698344161884252,-1.49467823715242,-1.32410708024028,1.52443571728194,0.168318228214653,1.20906316690889,0.455190433543693,0.436759670864148,0.0194575607727947,2.59819816778248
0.010104409271122,-0.165198055151737,-1.41513663758893,0.325697587469974,0.439117127280878,0.419839415135945,0.542165077798622,-1.05707481224926,-0.183895710509088,0.100786423185113
0.173244707324473,-0.840702714410217,-0.11805165452397,-0.282280237165139,1.00241948127668,-0.445304446795613,1.3340658386035,0.0367135660355578,0.562349931572011,0.564720645428748
0.14334516001291,-0.0179480233489967,0.915461585198954,0.22054275396079,-0.688286321838572,0.611869205835034,-0.632092979118094,0.674845686965923,0.603250883360728,-0.256217022985291
-0.474134299842071,0.478608055366226,0.599171528044052,-0.491421121383124,0.157017665960361,0.329470896352366,-1.06350327804066,0.34510397093883,1.04736911561019,0.594825877424988
-0.826038849737665,0.638699357663841,-0.518137981232904,0.62490421717039,1.17223224584978,0.906396846004872,-1.45172414270173,0.767500671627341,1.33485147604022,0.350057118669867
0.534377771878335,-0.0864431111429829,0.79797891766547,0.699439165395388,0.399394151417858,0.559033040709668,1.06687966575422,0.327122764394846,1.19717514747695,-0.216586846837821
-1.1048144463222,-2.65200119201848,0.887055416195812,0.64330128313631,-0.366228471653972,0.723419221698805,-2.48295305134162,-0.929070722908536,-0.585157947860261,-3.42336045201263
-0.383049192982248,-2.56779952312898,-1.1263262367093,-1.11076001224034,0.834920341826648,3.44231540239923,-0.830750010738457,-0.904504902140685,-0.210593219796358,1.58074440299527
0.300928196337868,1.16359738384043,1.04974990138955,-0.233032684050142,-0.2688966938302,-1.795025438575,0.150355033094138,0.276818875054313,-1.5349261041147,0.464075087833967
1.09033387318553,-0.972453997112878,0.432564744261734,1.19768243750594,0.0509746637080106,-1.87310520903782,0.758109825101145,-1.78140286664538,-1.76144369427907,-0.662457594902233
0.393892559592102,0.83597099427106,-0.173043795724037,-1.13576910409729,-0.920888881287549,1.11643843260995,-1.77737673887733,0.537004320506886,-2.10378564842638,2.48675136984692
-1.49141744205286,0.957511807885924,-0.42068320036693,-0.4622436334574,-0.0162183275897443,0.305572629611951,-1.01795570684368,-2.45102776003638,-0.555408330022389,-0.108115506934067
0.223844113698798,-0.0368350929707958,0.563400893361929,1.20233413872767,-0.868544547173752,1.98382451255023,-0.38040740704043,0.66809350344191,2.34589541166113,0.0445670396389438
0.408360023815914,-3.37307746006665,0.42148127642177,0.971157016695032,-0.529137569004495,-1.13953885480135,-0.16336304774807,-1.96833163634934,0.374963369214956,-2.00866318306306
0.373556145907889,0.505764735627112,-0.0482399035194706,-0.754526997523418,-0.788743961601598,0.461240696449816,2.34286731354075,-0.0587393538566171,0.919605206052696,1.09155820550516
0.183786772129747,1.73828178525882,1.70567355088038,-1.12240798655461,0.436090996407735,1.64283677119892,0.63407101050525,1.17771369221002,0.593237146042246,0.431435491917932
0.829199064975463,1.45564423282223,0.612712800439525,-1.45884507996624,-0.0225168629488858,1.1804278448257,0.497480929234037,-0.574105968811588,1.13832628194749,1.13072179692271
-0.502787090832519,2.09466172430834,-1.59945343607983,0.909600616499131,-0.588827437806037,0.0171530463677148,0.275181115597303,-0.238674670661715,0.739846332254033,3.85079985733984
-1.17320395540482,1.0047387335216,-0.809007669478076,1.69060975727062,1.08582018184355,-0.959322085479617,0.183123632867751,-1.44684272978848,-0.492758887453723,1.62989414887627
0.445928213599574,-2.37752970820151,0.267717756116049,-1.00782938410639,0.0973825971679513,1.59568345846098,-0.215185009846488,-0.775656809912594,-1.36383311619235,0.148522204267939
-0.107737593775309,-1.28153176472868,0.155539478804395,-1.08096613904792,-0.297821026276046,0.617478989291649,1.37131285284649,-0.246739434515478,0.00168702212477811,0.0677266190335214
0.0218167252322353,0.774171722281472,0.226870942364149,-1.51057391934903,0.188803310412604,1.5760477382557,-1.21290243027081,-1.66290021254303,-2.37509126457537,-0.2166750370591
-1.90028633353249,-1.0230102889717,-0.449267918083792,0.7828401279252,-0.60688623060878,-0.922150507881972,-0.646014448727474,0.963155785770788,-0.236453094100437,-1.11449966098466
0.108386242123502,0.150624172384428,-0.0814352336536267,-0.484272310979759,-0.323594695477918,-0.686605746769395,-0.0590021399922798,-0.80923579555139,-1.40005185020268,1.1131689432658
0.516757153705953,-1.7931735812966,-0.479407706412431,1.11191444279419,0.246213248727955,-1.5032264032533,0.0370846683884618,0.6711258915485,-0.374558234023462,-0.71680837890099
-0.551802904666712,-0.207611325695139,-0.447134827653168,1.45787847943227,0.197119367534434,-1.77595826104637,1.28419962434952,0.550328864373028,-0.257536674878014,3.99869935226779
1.15291197517162,0.849290169487394,0.291819951966256,2.69203190863878,-0.731308243423935,-3.66957184862845,-2.64472042849477,-0.177862864438863,0.263292971001408,0.149399994462147
-0.215261481009236,1.72399368210061,-0.264786002349516,1.14556481137428,-0.155782129228769,-0.200723008672818,1.22559421982667,-1.18415812756075,-0.866995343348575,1.69455915438097
-0.520054482804931,1.76921109052933,0.26109368206952,1.28090742404019,0.76807783012568,-0.90483206290756,-0.432091819513323,1.01199811380042,0.805331385036088,1.52929415090901
0.42031595330028,0.263087378824874,0.784461398456152,0.371519972612289,1.37104531393357,-1.17436808085129,2.26655610375278,-0.66465853257614,0.572113559265887,0.944527554793566
0.80544205935728,-2.25679656270463,0.816147904036304,-1.16442681807253,0.389828997650703,-1.41075937835284,-0.772521591318054,-0.455729301728724,-0.168008952910014,-4.13491524179355
0.372315077593569,-1.18412943779644,1.45861468718512,-0.282570617774342,0.958178639533895,-1.16188006236588,-0.597828945882834,1.57608786960816,0.874459107552682,-1.08367062514179
0.147296016121414,0.211965236707713,1.69026951550637,0.696510072949306,0.155831585754009,-0.449020474365807,1.40835147202749,-0.181274999634207,1.5874987895903,0.241597782345121
-0.209480940659999,2.13474208327834,0.56373169342717,1.53584950826105,0.791152395920711,-2.07899743490046,-0.93955452833123,-0.258010782377266,0.800519545750732,1.17091449476239
1.28959172626195,0.522717776519789,0.64584665096482,0.756307411106135,1.06694039992873,-0.722730033087487,-0.439233860958971,1.11597630031638,-0.600511101513701,-0.855284028245665
-0.633026160706365,-0.533352313790249,-0.535123708167791,2.03673988228796,0.645713379859563,-1.67447670947489,0.158153227377849,-0.157568787395818,-0.820651984181804,0.980345109401852
0.231624942529572,-0.9753208605187,-0.503898057368784,-0.123219998249365,-0.903413619621866,-0.121583067062365,0.556029697379122,-0.717885978567105,-0.362955729975341,-0.178033051355685
-1.11633970502578,-1.72396242666938,-0.748241196857717,1.27989344663018,0.0831741070543724,-4.26399035778697,-0.261181429081201,0.80432465876285,1.02743128039063,0.202456305625631
0.448235721846952,0.263063305360866,-0.229392906778117,-0.970020986747097,0.940666930054283,2.18291996562187,0.227640237279263,0.376562471982864,-1.07090361000313,1.93721798415227
0.536940153474832,1.49460811113739,0.601336359651625,-0.387715575506433,-0.606712131886383,0.067606405535153,0.184098549010126,0.766197375619825,-0.170854363875661,-0.694933017584333
0.652680593621524,1.25201928667975,0.460250438950045,-0.857686021296701,-0.137340947131849,2.26993249935228,-1.01636822588137,-0.257760243756455,0.0708690655815422,-2.42340263582163
0.316803039369053,0.133315322320634,-0.336114349715181,-0.0884287964018299,0.29956724384911,0.456043173139143,-1.90508304874162,-0.321278353141492,-0.238644936934337,-1.5491401363104
-0.616308164580101,1.98628629377972,-0.126453880682425,-0.306216065472758,0.0373163976572929,0.11932363789578,0.668356500844369,0.938518073510496,3.45962682817833,0.846557957966716
1.061666960868,0.98624532798601,0.941757892894866,-1.14345323679152,0.093218236084391,1.09115458872359,0.948289325837006,1.36784162250171,0.856412466655058,1.89628688682391
0.235653158441077,2.26957353600467,1.64720717951031,-1.57375711677359,-0.159878389542776,-0.22578588625851,-1.42492997245027,1.82390211600439,0.316925524829122,0.82218905916572
-0.282727571474119,0.706409169548487,0.00294235812780944,0.333095820215032,0.075540654986221,-1.79473191879749,-2.10044696421221,0.381441969676597,1.39030663597567,2.29944885351433
-0.551719241102811,-0.126621904196366,-0.138244489767788,0.871541601931159,0.164552851917618,-2.46065493457657,-2.23046892331418,0.866660173409569,1.14148198963285,0.57696324451243
0.225478590790654,0.165616451283159,0.520291630500704,1.05580412939215,0.758630201760604,-4.00135549849868,1.19197195189852,-1.23944311878149,0.832206702784151,-0.0353785867949274
-0.283167621397358,1.48923367401245,0.174236828599362,-0.767996747995333,0.0212728377208324,1.17741893087732,-1.95013516639867,-0.282205768605245,0.0680067701788917,1.25105031375282
0.797333629291297,0.114087591095732,1.29055536269468,-0.98750810302621,-0.65366071254106,-1.23500510610627,-2.13331942124917,-0.930041695730007,0.38571814756117,-2.24124075295278
1.97374135266679,0.520020899172845,0.997344446419079,-0.0499023430252725,-0.165870872865819,0.386266225485471,1.27435936023579,1.63827617466343,-0.454325119980516,-0.556006870354285
0.208771677523482,-0.313246278697071,0.0897869668559224,0.102471502436568,-0.0631589444772691,-0.0510975699376829,-1.82640634992026,-0.424814912533832,0.772068550916954,0.528539698726978
0.560089919975232,2.96057066259455,-0.626100754565083,1.45053026308693,-0.341439977661589,-2.63335759602505,-0.886991850931341,-0.634347146415873,-0.259323043237355,2.64692742653149
-0.51735166739133,-0.348346715626864,-0.547434792975389,-0.376662455589575,0.319715633876511,0.889314606672772,-1.34358758231659,-0.703495814401647,-1.11105537708675,0.310516893638735
0.215987950795419,-2.73954296255929,1.24095335955878,-1.27606643512461,-0.49311692389726,0.205480000645527,0.930559883056401,-1.00117358808642,-0.633009987083791,-3.84657600450185
0.0911218504363438,-0.819181616984959,-1.07294739121352,-0.367503256384545,0.527075811402785,1.25935274263036,-0.822728167111391,-1.36410627167404,-0.598082046301092,-1.39555551401611
-1.33057448533641,2.23483800798269,-1.24191981733369,0.254276637286119,0.0392607551707176,1.74965841543338,0.268731892015448,-0.30750894092956,-0.694221489360453,2.35563406677994
0.353522280954839,-1.51741418629117,0.826519183708976,-1.46868452862085,0.055604875993964,-0.82907784341336,-1.02357261658279,0.268588375688939,2.08472954006939,-0.0873733550009879
0.451695218480726,-0.404226994882416,1.37904004794755,-1.08183478243265,-0.408942923145049,-0.577114539392619,-0.152654131046628,0.697539525946645,-0.364059510050497,-3.60336502232879
-0.627368360769627,-0.117012652783553,-0.0829153768961583,0.141213369763625,-0.362506040943849,-0.744828743661329,1.10183228047653,-0.0961602013210605,-0.271339179054175,2.23191186474691
-0.753336479744998,0.90907155958929,-1.55925118331271,-0.97687434625227,0.878912851701801,4.45017119795052,2.24420549821519,-2.2583273977762,-1.20159597405078,2.1946297082245
-0.138902694808946,0.612773698870841,0.362770058389557,0.526131252380232,0.350373501818223,-1.84776658735229,-0.567947897053981,0.824256767962982,0.923202241905256,-0.0132452212787126
0.477012301863655,0.777867492219761,0.658348772413909,0.190928572625689,-0.100420762916902,-2.63068399490674,-0.0816132162936188,-0.243933166375004,1.0723606231651,-1.62322996369398
-0.535403180186952,-1.71730357976178,-0.678838057663363,0.599425436334845,-0.0747310920110196,-1.37760265798708,-1.00582660923373,0.420698942570955,0.495208663691392,-0.31604829048264
0.0943512795833878,-0.822377393329696,-0.182990823904517,-0.29451026601207,0.433347077191757,0.423907815960456,-1.08391487792677,-1.12735743100564,-0.720466104037047,0.912903758118985
0.4478230074407,-3.06354121519888,-0.960584689946551,-1.59057962804611,-0.148055005641615,1.61872201262919,1.1614581837973,-0.485533970440897,-0.942338446784996,-2.45609943620824
-0.875044002150514,-2.48039454432021,0.452834386500236,-0.248692908474311,0.648860860997474,0.49983610378909,-0.667256468531675,0.555719621491148,-0.609111041672699,-1.60897169536237
-0.614697858190674,1.77025972187475,-1.68720851575378,0.738500167458513,0.544124467999447,-0.0737264635246078,0.251582919566848,-0.748784915268944,0.59567176495185,2.96560594621185
0.887425276969086,-2.96206572835058,1.92455511029364,-0.7651378204637,-0.947754846828533,1.26508577904258,-0.198223064350562,-0.591917226706027,0.458775488301248,-3.5436965969053
-1.40029429903624,1.11036858867256,-0.431303179687986,0.663212970586451,0.368640367154317,-0.000124428688574792,0.599805347706873,1.67926524011676,0.656442560588507,2.47068190740865
0.0291976846364446,-0.343750299969977,-1.0651865655686,-1.19026984113356,0.501526277474648,0.322410924587162,-1.25234512492742,0.00499502089518602,-0.72459642483912,1.10089194115182
0.860593086281278,-1.27571174655588,0.702650038553536,-0.847733926381929,0.00896667460708073,0.601095157417485,-0.376444008603044,0.426945772097706,-0.661382200566198,-3.16218306767405
0.734304437538257,0.574245030756004,0.270771086757794,-0.8923011316431,-0.0050613157882005,1.07895942123976,0.601948864228201,0.319058569193195,2.38390286150036,-2.038606298275
