"graph","n_sample","iter","time","d_cpdag","TPR","FPR","obj"
1,50,1,0.00908446311950684,9,0,0,11.4457846363387
1,50,2,0.00442957878112793,9,0.111111111111111,0.0101010101010101,12.4236085603275
1,50,3,0.00438618659973145,9,0,0,11.9067507423584
1,50,4,0.00448107719421387,7,0.222222222222222,0,10.7815864791905
1,50,5,0.00453543663024902,7,0.444444444444444,0.0208333333333333,11.2656819457279
1,50,6,0.00443911552429199,9,0.111111111111111,0.0101010101010101,11.3320242408784
1,50,7,0.00492095947265625,7,0.222222222222222,0,11.4836933523013
1,50,8,0.00588107109069824,9,0.111111111111111,0.0101010101010101,12.1640825166011
1,50,9,0.00580549240112305,7,0.222222222222222,0,11.1903429964086
1,50,10,0.00571966171264648,9,0,0,11.6832137083611
1,100,1,0.00598025321960449,7,0.333333333333333,0.0103092783505155,11.6384052797177
1,100,2,0.0062711238861084,3,0.888888888888889,0.0217391304347826,10.9691522957378
1,100,3,0.00458002090454102,6,0.444444444444444,0.0104166666666667,10.9534457399273
1,100,4,0.00474929809570312,3,0.888888888888889,0.0217391304347826,10.1882878316225
1,100,5,0.00472307205200195,4,0.666666666666667,0.0106382978723404,10.8823856845751
1,100,6,0.00506901741027832,5,0.666666666666667,0.0212765957446809,10.948497591491
1,100,7,0.00503659248352051,1,0.888888888888889,0,10.3303476535908
1,100,8,0.00498795509338379,6,0.444444444444444,0.0104166666666667,11.1694715253294
1,100,9,0.00507068634033203,4,0.666666666666667,0.0106382978723404,9.79234797871558
1,100,10,0.00704646110534668,1,0.888888888888889,0,10.3698421980997
1,200,1,0.00480270385742188,0,1,0,11.1656011554575
1,200,2,0.00474905967712402,4,0.666666666666667,0.0106382978723404,10.4984604424176
1,200,3,0.00472450256347656,4,0.666666666666667,0.0106382978723404,10.4203366525002
1,200,4,0.0048520565032959,0,1,0,10.1056054457082
1,200,5,0.00483441352844238,5,0.666666666666667,0.0212765957446809,10.5470447355044
1,200,6,0.00478982925415039,4,0.666666666666667,0.0106382978723404,10.4694632718895
1,200,7,0.00469136238098145,4,0.666666666666667,0.0106382978723404,10.4773662991864
1,200,8,0.00484633445739746,0,1,0,10.7527876683186
1,200,9,0.00478887557983398,4,0.666666666666667,0.0106382978723404,9.99255185547166
1,200,10,0.00468659400939941,4,0.666666666666667,0.0106382978723404,10.7289423697744
1,300,1,0.0048525333404541,0,1,0,10.9972116070714
1,300,2,0.00485563278198242,4,0.666666666666667,0.0106382978723404,10.5102008526144
1,300,3,0.00498557090759277,0,1,0,10.3341476972742
1,300,4,0.00494050979614258,0,1,0,9.90829963866531
1,300,5,0.00483107566833496,0,1,0,10.4932770124727
1,300,6,0.00489139556884766,0,1,0,10.303491358964
1,300,7,0.00471949577331543,5,0.666666666666667,0.0212765957446809,10.2173020312925
1,300,8,0.00479483604431152,0,1,0,10.5637261480023
1,300,9,0.00486183166503906,0,1,0,10.0117089299576
1,300,10,0.00483274459838867,4,0.666666666666667,0.0106382978723404,10.615915822204
1,400,1,0.00484776496887207,5,0.666666666666667,0.0212765957446809,10.9313693769833
1,400,2,0.00885486602783203,0,1,0,10.3211648290766
1,400,3,0.00489473342895508,0,1,0,10.314044082728
1,400,4,0.00494289398193359,0,1,0,9.82146573575291
1,400,5,0.00496101379394531,0,1,0,10.3289695894788
1,400,6,0.00484561920166016,5,0.666666666666667,0.0212765957446809,10.2577500476072
1,400,7,0.00502181053161621,0,1,0,10.167388430114
1,400,8,0.00496220588684082,0,1,0,10.6834252381425
1,400,9,0.00919032096862793,0,1,0,9.86511616523896
1,400,10,0.00492548942565918,0,1,0,10.6621530400276
1,500,1,0.00496149063110352,0,1,0,10.7334970035796
1,500,2,0.00488185882568359,5,0.666666666666667,0.0212765957446809,10.212711251333
1,500,3,0.00483202934265137,5,0.666666666666667,0.0212765957446809,10.3370356760098
1,500,4,0.00509333610534668,0,1,0,9.89711306737211
1,500,5,0.00503635406494141,0,1,0,10.3796636804793
1,500,6,0.00487494468688965,0,1,0,10.2715127741886
1,500,7,0.00495553016662598,0,1,0,10.1569985923979
1,500,8,0.0050046443939209,0,1,0,10.5677633511177
1,500,9,0.0049736499786377,0,1,0,9.90705676313791
1,500,10,0.00490283966064453,5,0.666666666666667,0.0212765957446809,10.6590867588059
1,800,1,0.00521945953369141,0,1,0,10.5293719306491
1,800,2,0.00732016563415527,0,1,0,10.0817976707367
1,800,3,0.00582456588745117,0,1,0,10.2637516272715
1,800,4,0.00562071800231934,0,1,0,10.0742979417457
1,800,5,0.00580382347106934,0,1,0,10.3472221094357
1,800,6,0.00578880310058594,0,1,0,10.2071658372936
1,800,7,0.00577878952026367,0,1,0,10.288283676298
1,800,8,0.00561666488647461,0,1,0,10.4560453330121
1,800,9,0.00534725189208984,0,1,0,9.98748555794244
1,800,10,0.00501489639282227,0,1,0,10.3878730117485
1,1000,1,0.00512075424194336,0,1,0,10.374322895731
1,1000,2,0.00512576103210449,0,1,0,10.0926434880695
1,1000,3,0.00505495071411133,0,1,0,10.190389025491
1,1000,4,0.00526976585388184,0,1,0,10.0516596923165
1,1000,5,0.00527811050415039,0,1,0,10.36096050529
1,1000,6,0.00509452819824219,0,1,0,10.2055338518014
1,1000,7,0.00508928298950195,0,1,0,10.2558238062383
1,1000,8,0.00512814521789551,0,1,0,10.3859382340843
1,1000,9,0.00537490844726562,0,1,0,9.96975001573743
1,1000,10,0.00524330139160156,0,1,0,10.2362245273749
1,1600,1,0.00556850433349609,0,1,0,10.1471626977834
1,1600,2,0.00520801544189453,0,1,0,10.1742592285631
1,1600,3,0.00534796714782715,0,1,0,10.1876946135793
1,1600,4,0.00536012649536133,0,1,0,10.1205684700216
1,1600,5,0.00556778907775879,0,1,0,10.2668195947305
1,1600,6,0.0057370662689209,0,1,0,10.1245688451852
1,1600,7,0.00563144683837891,0,1,0,10.2653225653109
1,1600,8,0.00529932975769043,0,1,0,10.2890494798971
1,1600,9,0.00529718399047852,0,1,0,9.97437597814057
1,1600,10,0.00522327423095703,0,1,0,10.1991420259946
1,3200,1,0.00635957717895508,0,1,0,10.1645288261986
1,3200,2,0.00643157958984375,0,1,0,10.16821848723
1,3200,3,0.00580239295959473,0,1,0,10.241082521439
1,3200,4,0.00584244728088379,0,1,0,10.028472430511
1,3200,5,0.00635957717895508,0,1,0,10.3158426366536
1,3200,6,0.00634384155273438,0,1,0,10.1153882417442
1,3200,7,0.0057837963104248,0,1,0,10.2019146352053
1,3200,8,0.00572609901428223,0,1,0,10.1324922727009
1,3200,9,0.00574827194213867,0,1,0,10.0684121103465
1,3200,10,0.0265483856201172,0,1,0,10.1456176450592
2,50,1,0.00453591346740723,12,0.142857142857143,0,12.0061093749873
2,50,2,0.00478339195251465,10,0.357142857142857,0.0105263157894737,13.6878042266463
2,50,3,0.00455260276794434,14,0.0714285714285714,0.0101010101010101,12.4559690744392
2,50,4,0.0178420543670654,12,0.142857142857143,0,11.4788479745696
2,50,5,0.00464248657226562,10,0.285714285714286,0,12.1361434861537
2,50,6,0.00460171699523926,12,0.214285714285714,0.0103092783505155,12.2210488401369
2,50,7,0.00475716590881348,10,0.357142857142857,0.0105263157894737,11.7794953668081
2,50,8,0.017829418182373,12,0.214285714285714,0.0103092783505155,12.905375183777
2,50,9,0.00461459159851074,12,0.214285714285714,0.0103092783505155,12.1261643877947
2,50,10,0.0046076774597168,12,0.214285714285714,0.0103092783505155,11.527245554521
2,100,1,0.00499105453491211,12,0.357142857142857,0.0315789473684211,11.5424450432707
2,100,2,0.0188930034637451,10,0.642857142857143,0.0549450549450549,10.7643854885716
2,100,3,0.00501656532287598,13,0.357142857142857,0.0421052631578947,10.6115353836677
2,100,4,0.00537109375,8,0.642857142857143,0.032967032967033,10.251828316562
2,100,5,0.00524473190307617,4,0.785714285714286,0.0112359550561798,10.523969425772
2,100,6,0.0186276435852051,3,0.785714285714286,0,10.5294840469573
2,100,7,0.00521230697631836,7,0.714285714285714,0.0333333333333333,9.76366317265292
2,100,8,0.00546646118164062,6,0.785714285714286,0.0337078651685393,10.6061500392736
2,100,9,0.00525784492492676,7,0.642857142857143,0.021978021978022,9.63524206382203
2,100,10,0.0188000202178955,8,0.714285714285714,0.0444444444444444,10.4032231421629
2,200,1,0.00581479072570801,5,0.857142857142857,0.0340909090909091,10.3403082307998
2,200,2,0.00583052635192871,8,0.785714285714286,0.0561797752808989,9.56517876778701
2,200,3,0.00538754463195801,5,0.857142857142857,0.0340909090909091,9.48782817273503
2,200,4,0.00548529624938965,5,0.857142857142857,0.0340909090909091,9.31750485471093
2,200,5,0.00554132461547852,7,0.785714285714286,0.0449438202247191,9.60556703599845
2,200,6,0.00543880462646484,8,0.714285714285714,0.0444444444444444,10.0164636303208
2,200,7,0.00569558143615723,8,0.785714285714286,0.0561797752808989,9.60348610705919
2,200,8,0.00584650039672852,8,0.785714285714286,0.0561797752808989,9.97006584038115
2,200,9,0.00547981262207031,7,0.785714285714286,0.0449438202247191,9.07000713011593
2,200,10,0.00531744956970215,12,0.428571428571429,0.0425531914893617,10.3705744535021
2,300,1,0.00575423240661621,8,0.785714285714286,0.0561797752808989,10.0016924010552
2,300,2,0.00584936141967773,0,1,0,9.42610694181053
2,300,3,0.00572371482849121,8,0.785714285714286,0.0561797752808989,9.32294916913489
2,300,4,0.00599765777587891,8,0.785714285714286,0.0561797752808989,8.88260763389386
2,300,5,0.0199489593505859,0,1,0,9.47710391261551
2,300,6,0.00572681427001953,0,1,0,9.2445463357842
2,300,7,0.00539231300354004,11,0.5,0.043010752688172,9.6925569701976
2,300,8,0.00553631782531738,10,0.714285714285714,0.0666666666666667,10.1801025565978
2,300,9,0.00540566444396973,5,0.857142857142857,0.0340909090909091,9.08973976756253
2,300,10,0.00554728507995605,8,0.785714285714286,0.0561797752808989,9.57153432231259
2,400,1,0.00548434257507324,8,0.785714285714286,0.0561797752808989,9.86091542622079
2,400,2,0.0206782817840576,5,0.857142857142857,0.0340909090909091,9.41549885233771
2,400,3,0.00590682029724121,0,1,0,9.23250232942764
2,400,4,0.00610232353210449,5,0.857142857142857,0.0340909090909091,8.90717129588268
2,400,5,0.00575470924377441,8,0.785714285714286,0.0561797752808989,9.27844413150819
2,400,6,0.00577878952026367,0,1,0,9.13587584003091
2,400,7,0.00612759590148926,8,0.785714285714286,0.0561797752808989,9.13923666201052
2,400,8,0.00537347793579102,11,0.5,0.043010752688172,10.281911606425
2,400,9,0.00600481033325195,8,0.785714285714286,0.0561797752808989,8.83948314640559
2,400,10,0.00564956665039062,9,0.642857142857143,0.043956043956044,9.80989268612056
2,500,1,0.00581073760986328,9,0.642857142857143,0.043956043956044,9.81032692044917
2,500,2,0.00602030754089355,9,0.642857142857143,0.043956043956044,9.20627934511266
2,500,3,0.00615882873535156,5,0.857142857142857,0.0340909090909091,9.35321754294102
2,500,4,0.00610089302062988,8,0.785714285714286,0.0561797752808989,8.79855715228617
2,500,5,0.00621414184570312,8,0.785714285714286,0.0561797752808989,9.29610809323195
2,500,6,0.0058906078338623,8,0.785714285714286,0.0561797752808989,9.19239081654893
2,500,7,0.00603342056274414,8,0.785714285714286,0.0561797752808989,9.06581031188829
2,500,8,0.0147919654846191,9,0.642857142857143,0.043956043956044,9.64219005208474
2,500,9,0.00575494766235352,0,1,0,8.80037052569886
2,500,10,0.00600290298461914,9,0.642857142857143,0.043956043956044,9.66313140241926
2,800,1,0.00591874122619629,9,0.642857142857143,0.043956043956044,9.53981905996105
2,800,2,0.0060570240020752,0,1,0,8.93331957464387
2,800,3,0.00610637664794922,0,1,0,9.10949842500642
2,800,4,0.015899658203125,8,0.785714285714286,0.0561797752808989,8.9611348754976
2,800,5,0.00594925880432129,0,1,0,9.2017505442206
2,800,6,0.00615549087524414,0,1,0,9.05989107866023
2,800,7,0.00600934028625488,9,0.642857142857143,0.043956043956044,9.30229068189951
2,800,8,0.00598454475402832,0,1,0,9.31814520578099
2,800,9,0.00600266456604004,9,0.642857142857143,0.043956043956044,8.97757649066927
2,800,10,0.00611257553100586,0,1,0,9.23953003154423
2,1000,1,0.00589561462402344,8,0.785714285714286,0.0561797752808989,9.23713824395792
2,1000,2,0.00601625442504883,9,0.642857142857143,0.043956043956044,9.08337283071197
2,1000,3,0.00597095489501953,9,0.642857142857143,0.043956043956044,9.15954243817075
2,1000,4,0.0060420036315918,0,1,0,8.87861885289811
2,1000,5,0.00607609748840332,0,1,0,9.20450566661064
2,1000,6,0.00613951683044434,0,1,0,9.04230282504484
2,1000,7,0.00606703758239746,9,0.642857142857143,0.043956043956044,9.20667665351487
2,1000,8,0.00596213340759277,8,0.785714285714286,0.0561797752808989,9.2463955749514
2,1000,9,0.00601506233215332,9,0.642857142857143,0.043956043956044,8.94582212296419
2,1000,10,0.00605893135070801,9,0.642857142857143,0.043956043956044,9.2105884766641
2,1600,1,0.00613284111022949,9,0.642857142857143,0.043956043956044,9.11129608884094
2,1600,2,0.00614047050476074,9,0.642857142857143,0.043956043956044,9.14548411767762
2,1600,3,0.00622749328613281,9,0.642857142857143,0.043956043956044,9.14008904313519
2,1600,4,0.00630521774291992,9,0.714285714285714,0.0555555555555556,9.08781989638576
2,1600,5,0.00619888305664062,9,0.642857142857143,0.043956043956044,9.23426428992341
2,1600,6,0.00607466697692871,0,1,0,8.94261812311421
2,1600,7,0.00625824928283691,0,1,0,9.08813504502677
2,1600,8,0.00611543655395508,9,0.642857142857143,0.043956043956044,9.26020102616031
2,1600,9,0.00620532035827637,9,0.642857142857143,0.043956043956044,8.90571105595135
2,1600,10,0.00609064102172852,0,1,0,9.01286837124986
2,3200,1,0.00670742988586426,0,1,0,8.95983970681404
2,3200,2,0.0249226093292236,0,1,0,8.96844345064471
2,3200,3,0.00674104690551758,0,1,0,9.03993324876984
2,3200,4,0.00679183006286621,9,0.714285714285714,0.0555555555555556,8.96070578625397
2,3200,5,0.0257937908172607,9,0.714285714285714,0.0555555555555556,9.25552992151463
2,3200,6,0.00706148147583008,0,1,0,8.91687767619954
2,3200,7,0.00696516036987305,9,0.714285714285714,0.0555555555555556,9.13612705741175
2,3200,8,0.00659704208374023,9,0.642857142857143,0.043956043956044,9.08750310830713
2,3200,9,0.00736784934997559,0,1,0,8.86661698865736
2,3200,10,0.00677633285522461,0,1,0,8.94209239134
3,50,1,0.00505256652832031,20,0.208333333333333,0.0105263157894737,15.613831734386
3,50,2,0.0683929920196533,14,0.5,0.0227272727272727,15.8505300448164
3,50,3,0.00510835647583008,19,0.208333333333333,0,15.6269795087495
3,50,4,0.00526118278503418,20,0.25,0.0212765957446809,15.1882732152059
3,50,5,0.00565195083618164,23,0.208333333333333,0.0421052631578947,14.1143166469425
3,50,6,0.00583553314208984,17,0.375,0.021978021978022,15.4728860846576
3,50,7,0.00564908981323242,15,0.458333333333333,0.0224719101123595,14.2857169346082
3,50,8,0.00560474395751953,19,0.333333333333333,0.0326086956521739,16.259536413846
3,50,9,0.00525593757629395,21,0.25,0.0319148936170213,15.0367287699078
3,50,10,0.00557971000671387,21,0.25,0.0319148936170213,15.2904183320421
3,100,1,0.00603652000427246,15,0.5,0.0340909090909091,14.0239596519798
3,100,2,0.00627732276916504,17,0.5,0.0568181818181818,13.741881834459
3,100,3,0.00628447532653809,16,0.5,0.0454545454545455,12.9092294523928
3,100,4,0.00640058517456055,17,0.5,0.0568181818181818,12.2421476698686
3,100,5,0.0068202018737793,13,0.541666666666667,0.0229885057471264,13.7042610322902
3,100,6,0.00572729110717773,25,0.25,0.074468085106383,13.0358165532802
3,100,7,0.0161490440368652,15,0.416666666666667,0.0111111111111111,12.9327039813085
3,100,8,0.0069425106048584,8,0.75,0.024390243902439,12.9956198219997
3,100,9,0.00677895545959473,8,0.75,0.024390243902439,12.2476447049302
3,100,10,0.00568222999572754,26,0.208333333333333,0.0736842105263158,13.2248264104086
3,200,1,0.00668191909790039,16,0.583333333333333,0.0697674418604651,12.8796142643831
3,200,2,0.00669026374816895,13,0.625,0.0470588235294118,11.7727503283167
3,200,3,0.00736021995544434,4,0.916666666666667,0.0256410256410256,11.4506579099445
3,200,4,0.00757575035095215,7,0.833333333333333,0.0375,11.1646830787236
3,200,5,0.00739622116088867,8,0.833333333333333,0.05,11.4859269202001
3,200,6,0.00734257698059082,6,0.833333333333333,0.025,11.5428116700815
3,200,7,0.00689196586608887,6,0.791666666666667,0.0123456790123457,12.1461581340516
3,200,8,0.0185890197753906,8,0.833333333333333,0.05,11.8316712883264
3,200,9,0.0076441764831543,12,0.75,0.0731707317073171,11.0043630886323
3,200,10,0.0110132694244385,0,1,0,11.6281191637198
3,300,1,0.00913190841674805,9,0.833333333333333,0.0625,11.7476742857725
3,300,2,0.0072333812713623,24,0.416666666666667,0.111111111111111,11.8602119772549
3,300,3,0.00833272933959961,8,0.833333333333333,0.05,11.1046071292969
3,300,4,0.0075385570526123,0,1,0,10.628015103581
3,300,5,0.0187673568725586,12,0.666666666666667,0.0476190476190476,11.731542926217
3,300,6,0.00660061836242676,9,0.75,0.0365853658536585,11.5545229035484
3,300,7,0.00744152069091797,8,0.833333333333333,0.05,11.0123182516428
3,300,8,0.00745463371276855,5,0.916666666666667,0.0384615384615385,11.4177261610726
3,300,9,0.00725221633911133,9,0.791666666666667,0.0493827160493827,10.8313227095547
3,300,10,0.00726699829101562,6,0.833333333333333,0.025,11.6177016120083
3,400,1,0.00783634185791016,0,1,0,11.529098558158
3,400,2,0.0077362060546875,8,0.833333333333333,0.05,11.0122148164485
3,400,3,0.00808954238891602,5,0.916666666666667,0.0384615384615385,10.9489048322466
3,400,4,0.0077202320098877,8,0.833333333333333,0.05,10.4810469573792
3,400,5,0.0128588676452637,8,0.833333333333333,0.05,10.9844031862555
3,400,6,0.00701069831848145,15,0.708333333333333,0.0963855421686747,10.9279698788557
3,400,7,0.00787782669067383,8,0.833333333333333,0.05,10.820761271888
3,400,8,0.00808954238891602,8,0.833333333333333,0.05,11.3726914292524
3,400,9,0.00742769241333008,8,0.833333333333333,0.05,10.5499259325406
3,400,10,0.00801634788513184,8,0.833333333333333,0.05,11.2919402871054
3,500,1,0.00738215446472168,8,0.833333333333333,0.05,11.2825653722213
3,500,2,0.00796818733215332,8,0.833333333333333,0.05,10.7457889325955
3,500,3,0.00773239135742188,9,0.833333333333333,0.0625,10.8872251357764
3,500,4,0.00702023506164551,14,0.666666666666667,0.0714285714285714,10.8026770079559
3,500,5,0.00811862945556641,8,0.833333333333333,0.05,10.9518117916242
3,500,6,0.00747513771057129,8,0.833333333333333,0.05,10.8690427150952
3,500,7,0.00741958618164062,8,0.833333333333333,0.05,10.6927014308871
3,500,8,0.013660192489624,8,0.833333333333333,0.05,11.1581088610638
3,500,9,0.00720858573913574,0,1,0,10.4143611717347
3,500,10,0.0081331729888916,9,0.833333333333333,0.0625,11.1699895796506
3,800,1,0.00742983818054199,15,0.708333333333333,0.0963855421686747,11.0365374943905
3,800,2,0.00794386863708496,16,0.708333333333333,0.108433734939759,10.5551043299277
3,800,3,0.0074915885925293,9,0.833333333333333,0.0625,10.694552009914
3,800,4,0.0151278972625732,9,0.833333333333333,0.0625,10.5223094057273
3,800,5,0.00806522369384766,8,0.833333333333333,0.05,10.7829034022148
3,800,6,0.00745820999145508,8,0.833333333333333,0.05,10.6513358373587
3,800,7,0.0078425407409668,16,0.708333333333333,0.108433734939759,10.7674899178417
3,800,8,0.00731801986694336,17,0.666666666666667,0.107142857142857,11.0912511144145
3,800,9,0.00810956954956055,8,0.833333333333333,0.05,10.460729192431
3,800,10,0.00746941566467285,8,0.833333333333333,0.05,10.8360008588008
3,1000,1,0.00815773010253906,9,0.833333333333333,0.0625,10.791778655617
3,1000,2,0.00786995887756348,16,0.708333333333333,0.108433734939759,10.5257001358522
3,1000,3,0.0076758861541748,9,0.833333333333333,0.0625,10.592555090235
3,1000,4,0.00761699676513672,9,0.833333333333333,0.0625,10.4439888060287
3,1000,5,0.00797486305236816,15,0.75,0.109756097560976,10.7908879511435
3,1000,6,0.00822281837463379,9,0.833333333333333,0.0625,10.6053495711233
3,1000,7,0.00754642486572266,9,0.833333333333333,0.0625,10.6521111802704
3,1000,8,0.0077826976776123,9,0.833333333333333,0.0625,10.8006317893237
3,1000,9,0.00766730308532715,9,0.833333333333333,0.0625,10.3683632234235
3,1000,10,0.00753998756408691,9,0.833333333333333,0.0625,10.631248121106
3,1600,1,0.00783205032348633,8,0.875,0.0632911392405063,10.4800322493595
3,1600,2,0.0077669620513916,9,0.833333333333333,0.0625,10.4966258889717
3,1600,3,0.00782585144042969,9,0.833333333333333,0.0625,10.5241317160073
3,1600,4,0.00783276557922363,9,0.833333333333333,0.0625,10.4645790489064
3,1600,5,0.0218992233276367,9,0.833333333333333,0.0625,10.6062350126654
3,1600,6,0.00882387161254883,9,0.833333333333333,0.0625,10.465308627805
3,1600,7,0.00786375999450684,8,0.875,0.0632911392405063,10.6021779865897
3,1600,8,0.0083920955657959,9,0.833333333333333,0.0625,10.6292522771505
3,1600,9,0.00840926170349121,9,0.833333333333333,0.0625,10.3152951099645
3,1600,10,0.0083925724029541,9,0.833333333333333,0.0625,10.5412672463002
3,3200,1,0.00850009918212891,8,0.875,0.0632911392405063,10.4424409825064
3,3200,2,0.00823140144348145,9,0.833333333333333,0.0625,10.44694248996
3,3200,3,0.0262489318847656,10,0.833333333333333,0.075,10.5214994997929
3,3200,4,0.00916266441345215,10,0.833333333333333,0.075,10.3047881044243
3,3200,5,0.0082700252532959,9,0.833333333333333,0.0625,10.5955859475232
3,3200,6,0.0266568660736084,9,0.833333333333333,0.0625,10.4012199808152
3,3200,7,0.00834846496582031,10,0.833333333333333,0.075,10.4829051802891
3,3200,8,0.0084073543548584,10,0.833333333333333,0.075,10.4099340299647
3,3200,9,0.00840592384338379,8,0.875,0.0632911392405063,10.3402512976436
3,3200,10,0.00895380973815918,10,0.833333333333333,0.075,10.4206027793381
