dataset,k,RGAP,d_cpdag,SHDs,TPR,FPR,Time
1dsep,1,8.50995984365524e-07,2,1.0,0.6666666666666666,0.03333333333333333,0.544945478439331
1dsep,2,2.003424115626781e-05,2,1.0,0.6666666666666666,0.03333333333333333,0.22295737266540527
1dsep,3,0.0,2,1.0,0.8333333333333334,0.0,0.34301280975341797
1dsep,4,1.6711062306051097e-06,2,1.0,0.6666666666666666,0.03333333333333333,0.3908669948577881
1dsep,5,1.7090572033657663e-06,2,1.0,0.8333333333333334,0.0,0.21786236763000488
1dsep,6,2.8798097742740545e-05,2,1.0,0.8333333333333334,0.0,0.1672801971435547
1dsep,7,0.0,2,1.0,0.6666666666666666,0.03333333333333333,0.30350565910339355
1dsep,8,0.0,2,1.0,0.6666666666666666,0.03333333333333333,0.2263329029083252
1dsep,9,0.0,2,1.0,0.8333333333333334,0.0,0.3802299499511719
1dsep,10,2.0062942060707625e-06,2,1.0,0.6666666666666666,0.03333333333333333,0.312408447265625
2asia,1,3.252056293080908e-06,2,1.0,0.75,0.017857142857142856,0.518878698348999
2asia,2,0.0,2,1.0,0.75,0.017857142857142856,0.9618449211120605
2asia,3,1.107202550885104e-06,2,1.0,0.75,0.017857142857142856,0.6792857646942139
2asia,4,5.843844814882334e-05,2,1.0,0.875,0.0,0.7930698394775391
2asia,5,6.007691319401649e-06,2,1.0,0.75,0.017857142857142856,0.4462320804595947
2asia,6,0.0,2,1.0,0.75,0.017857142857142856,0.5992393493652344
2asia,7,0.0,2,1.0,0.75,0.017857142857142856,0.6372730731964111
2asia,8,2.121745980888804e-06,2,1.0,0.75,0.017857142857142856,0.7659275531768799
2asia,9,2.0007444264484287e-06,2,1.0,0.75,0.017857142857142856,0.9370067119598389
2asia,10,2.37362482413263e-05,2,1.0,0.75,0.017857142857142856,0.5492556095123291
3bowling,1,2.05624024621978e-07,2,1.0,0.9090909090909091,0.0,1.6011993885040283
3bowling,2,5.0636606101826766e-08,2,1.0,0.9090909090909091,0.0,1.074134111404419
3bowling,3,0.0,2,1.0,0.9090909090909091,0.0,1.7008557319641113
3bowling,4,0.0,2,1.0,0.8181818181818182,0.014285714285714285,1.2765402793884277
3bowling,5,0.0,2,1.0,0.9090909090909091,0.0,1.3039937019348145
3bowling,6,0.0,2,1.0,0.8181818181818182,0.014285714285714285,1.243579626083374
3bowling,7,0.0,2,1.0,0.8181818181818182,0.014285714285714285,1.2883648872375488
3bowling,8,0.0,2,1.0,0.9090909090909091,0.0,1.0958881378173828
3bowling,9,0.0,2,1.0,0.9090909090909091,0.0,1.0311627388000488
3bowling,10,0.0,2,1.0,0.8181818181818182,0.014285714285714285,1.1805579662322998
4insuranceSmall,1,0.0,6,2.0,0.72,0.025,433.2196514606476
4insuranceSmall,2,0.04996261202877701,7,3.0,0.68,0.025,751.2296342849731
4insuranceSmall,3,0.0,7,3.0,0.64,0.03,364.64959239959717
4insuranceSmall,4,0.0,7,3.0,0.68,0.025,148.04551196098328
4insuranceSmall,5,0.021948280692516087,7,3.0,0.64,0.03,750.7069697380066
4insuranceSmall,6,0.0,7,3.0,0.6,0.035,323.8571810722351
4insuranceSmall,7,5.577405518900282e-05,7,3.0,0.64,0.03,141.8546543121338
4insuranceSmall,8,6.96731379487387e-05,7,3.0,0.64,0.03,715.2331254482269
4insuranceSmall,9,0.0,10,5.0,0.6,0.035,185.52679300308228
4insuranceSmall,10,0.0,7,3.0,0.68,0.025,600.8948442935944
5rain,1,7.653687599774862e-06,2,1.0,0.8333333333333334,0.011235955056179775,68.3056263923645
5rain,2,2.048254728213573e-06,2,1.0,0.7222222222222222,0.02247191011235955,77.69854164123535
5rain,3,0.0,2,1.0,0.9444444444444444,0.0,54.168922424316406
5rain,4,0.0,2,1.0,0.8333333333333334,0.011235955056179775,27.86520528793335
5rain,5,6.011352854070807e-05,2,1.0,0.8333333333333334,0.011235955056179775,30.315980195999146
5rain,6,0.0,2,1.0,0.7777777777777778,0.016853932584269662,50.25601863861084
5rain,7,0.0,2,1.0,0.7777777777777778,0.016853932584269662,63.711429595947266
5rain,8,2.9131592007686908e-05,2,1.0,0.7777777777777778,0.016853932584269662,31.41799545288086
5rain,9,0.0,2,1.0,0.7777777777777778,0.016853932584269662,111.18040823936462
5rain,10,7.023498294081405e-05,2,1.0,0.6666666666666666,0.028089887640449437,44.646395683288574
6cloud,1,1.0957321961075339e-05,9,3.0,0.6842105263157895,0.02109704641350211,3.633955955505371
6cloud,2,0.0,20,3.0,0.5263157894736842,0.02531645569620253,10.53097152709961
6cloud,3,8.060399291305715e-05,12,2.0,0.5263157894736842,0.029535864978902954,4.224008560180664
6cloud,4,2.911543712488003e-05,9,3.0,0.5789473684210527,0.029535864978902954,5.1176838874816895
6cloud,5,3.4890742405877645e-06,12,2.0,0.5789473684210527,0.02531645569620253,16.3850736618042
6cloud,6,0.0,2,1.0,0.7894736842105263,0.012658227848101266,16.74525022506714
6cloud,7,1.1855773510611334e-06,12,2.0,0.5263157894736842,0.029535864978902954,3.905289888381958
6cloud,8,0.0,19,2.0,0.5263157894736842,0.029535864978902954,19.480568408966064
6cloud,9,9.705542340243206e-05,13,3.0,0.5263157894736842,0.03375527426160337,4.577466726303101
6cloud,10,0.0,19,2.0,0.5263157894736842,0.029535864978902954,12.117878198623657
7funnel,1,0.0,2,1.0,0.8888888888888888,0.0032679738562091504,9.265321969985962
7funnel,2,0.0,2,1.0,0.8888888888888888,0.0032679738562091504,4.462954998016357
7funnel,3,0.0,2,1.0,0.8888888888888888,0.0032679738562091504,11.850526809692383
7funnel,4,0.0,2,1.0,0.8333333333333334,0.006535947712418301,4.476290702819824
7funnel,5,0.0,2,1.0,0.8333333333333334,0.006535947712418301,8.726910829544067
7funnel,6,0.0,2,1.0,0.8888888888888888,0.0032679738562091504,4.7102155685424805
7funnel,7,0.0,2,1.0,0.8333333333333334,0.006535947712418301,8.727065086364746
7funnel,8,0.0,2,1.0,0.8888888888888888,0.0032679738562091504,6.991271734237671
7funnel,9,0.0,2,1.0,0.8333333333333334,0.006535947712418301,10.887925148010254
7funnel,10,0.0,2,1.0,0.8888888888888888,0.0032679738562091504,9.72929048538208
8galaxy,1,0.0,1,1.0,0.9090909090909091,0.0026455026455026454,28.65363383293152
8galaxy,2,0.0,1,1.0,0.9090909090909091,0.0026455026455026454,28.55098032951355
8galaxy,3,0.0,1,1.0,0.9090909090909091,0.0026455026455026454,25.79428005218506
8galaxy,4,0.0,1,1.0,0.9090909090909091,0.0026455026455026454,18.119478225708008
8galaxy,5,0.0,1,1.0,0.9090909090909091,0.0026455026455026454,37.49471187591553
8galaxy,6,0.0,1,1.0,0.9090909090909091,0.0026455026455026454,66.92980146408081
8galaxy,7,0.0,1,1.0,0.9545454545454546,0.0,21.82063388824463
8galaxy,8,0.0,1,1.0,0.9090909090909091,0.0026455026455026454,192.80425477027893
8galaxy,9,0.0,1,1.0,0.9545454545454546,0.0,37.18686270713806
8galaxy,10,0.0,1,1.0,0.9090909090909091,0.0026455026455026454,28.46054220199585
